episode,score,entropy,loss_actor,loss_critic,elapsed_s
1,23.0,0.6488412022590637,-0.003242572071030736,0.005525143817067146,0.5
2,17.0,0.675944447517395,-0.0013284472515806556,0.00181667716242373,0.8
3,17.0,0.6770230531692505,-0.000682466197758913,0.0017524432623758912,1.0
4,19.0,0.6815102100372314,-0.0007424072246067226,0.0014249887317419052,1.2
5,12.0,0.6788094639778137,-0.0014614065876230597,0.0016692440258339047,1.5
6,34.0,0.6755920052528381,-0.0010474814334884286,0.002344588516280055,1.9
7,21.0,0.6480706930160522,-0.08619508892297745,0.0037116440944373608,2.2
8,28.0,0.6882146000862122,-0.0007049888372421265,0.0028079745825380087,2.5
9,18.0,0.6842501759529114,-0.0006344119901768863,0.001456436119042337,2.7
10,28.0,0.6729689240455627,-0.0002934858202934265,0.002553721657022834,3.1
11,36.0,0.6735104322433472,-0.0006395634263753891,0.0015581257175654173,3.6
12,25.0,0.6910873651504517,-0.00044901372166350484,0.004810694605112076,3.9
13,16.0,0.6818792819976807,-0.00033452361822128296,0.001203222549520433,4.1
14,11.0,0.6920533776283264,-0.0008517178357578814,0.0030830649193376303,4.3
15,29.0,0.6760431528091431,-0.0009330179891549051,0.0015295440098270774,4.6
16,27.0,0.672872006893158,-0.0013542516389861703,0.0018258162308484316,5.0
17,22.0,0.6689661145210266,0.00020688772201538086,0.0009029469219967723,5.3
18,12.0,0.6924557089805603,-0.0006524535710923374,0.002929588546976447,5.5
19,19.0,0.6807050704956055,-0.0011290546972304583,0.0013293154770508409,5.7
20,18.0,0.6886981129646301,-0.0007883012294769287,0.0014099342515692115,5.9
21,15.0,0.6886804699897766,-0.0003182093205396086,0.0014558742986992002,6.1
22,12.0,0.6840084195137024,-0.0015211403369903564,0.001697190455161035,6.3
23,12.0,0.6846879124641418,-0.0022775183897465467,0.001741020125336945,6.4
24,13.0,0.6882705092430115,-0.001007281825877726,0.0012770125176757574,6.6
25,44.0,0.6561654210090637,-0.0001874864101409912,0.001703465823084116,7.2
26,17.0,0.6924585700035095,-0.001195304561406374,0.0019766944460570812,7.4
27,19.0,0.677109956741333,-0.0007192649063654244,0.0013025394873693585,7.6
28,28.0,0.6835217475891113,-0.001297973096370697,0.0008092105854302645,8.0
29,17.0,0.6817195415496826,-0.001509151072241366,0.0014925445429980755,8.2
30,32.0,0.6758537292480469,-0.0005537171964533627,0.0015211799181997776,8.6
31,55.0,0.6861268281936646,-0.0007837334997020662,0.0007182770641520619,9.3
32,15.0,0.6871059536933899,-0.0008612076635472476,0.0011770668206736445,9.5
33,19.0,0.688571572303772,-0.0010903070215135813,0.001024964265525341,9.7
34,20.0,0.6868329048156738,-0.0007602691766805947,0.001149038434959948,9.9
35,19.0,0.6813365817070007,-0.0005020216922275722,0.0008608217467553914,10.2
36,16.0,0.68828946352005,-0.00036013126373291016,0.0013801659224554896,10.4
37,34.0,0.6909909248352051,-0.00021321699023246765,0.002677230630069971,10.8
38,24.0,0.6921408176422119,-0.0026062875986099243,0.004464234225451946,11.1
39,19.0,0.6762834191322327,-0.0006048181094229221,0.0014647863572463393,11.4
40,19.0,0.6874222755432129,-0.0006029793876223266,0.0012775706127285957,11.6
41,34.0,0.688306450843811,-0.00028069052495993674,0.0012990831164643168,12.0
42,25.0,0.6859766244888306,-0.0023109912872314453,0.0010372422402724624,12.4
43,28.0,0.6629951000213623,-0.0006518959999084473,0.001461018226109445,12.8
44,17.0,0.687900185585022,-0.00043463357724249363,0.0009867073968052864,13.0
45,13.0,0.686562180519104,-0.0004691481590270996,0.0011931640328839421,13.2
46,20.0,0.6889125108718872,-0.0003989219549112022,0.002313253004103899,13.5
47,34.0,0.6709814667701721,-0.0007263592560775578,0.0011106159072369337,14.0
48,22.0,0.6829406023025513,-0.0049697160720825195,0.002655875636264682,14.3
49,35.0,0.6886737942695618,-0.0012256562476977706,0.0017309103859588504,14.8
50,25.0,0.6902507543563843,-0.0010322093730792403,0.0010035447776317596,15.1
51,14.0,0.6837955713272095,-0.0007640165858902037,0.0006833405350334942,15.3
52,17.0,0.6858992576599121,-2.498135836503934e-05,0.0011257892474532127,15.5
53,34.0,0.6845071911811829,-3.9083617593860254e-05,0.0009178514592349529,16.0
54,14.0,0.687756359577179,-0.0003232508897781372,0.0013863513013347983,16.2
55,12.0,0.6827759742736816,-0.0007417201995849609,0.0007542338571511209,16.4
56,26.0,0.6783661246299744,-0.00018353760242462158,0.0007741854060441256,16.8
57,35.0,0.6898843050003052,-9.509722440270707e-05,0.0007899774354882538,17.2
58,21.0,0.6926540732383728,0.17348483204841614,0.015077768824994564,17.6
59,32.0,0.6683759689331055,-0.001153449178673327,0.0007203247514553368,18.0
60,15.0,0.6853899359703064,-0.0007134171319194138,0.0012629878474399447,18.2
61,12.0,0.6832312941551208,-0.0003035888075828552,0.0009971876861527562,18.3
62,35.0,0.6660448908805847,-0.0005653063417412341,0.0007704923045821488,18.8
63,14.0,0.6700897812843323,-0.0015174576546996832,0.000783986528404057,19.0
64,27.0,0.6841491460800171,1.8094267943524756e-05,0.0028884417843073606,19.3
65,13.0,0.6819143891334534,-0.00043372923391871154,0.0013889899710193276,19.5
66,27.0,0.6920655369758606,-0.0003593819565139711,0.0026159866247326136,19.9
67,16.0,0.6659437417984009,-0.0005692169070243835,0.0006198994815349579,20.2
68,27.0,0.6854839324951172,-0.0010700697312131524,0.0009172833524644375,20.5
69,14.0,0.6858312487602234,-0.0019582572858780622,0.0008349638083018363,20.7
70,12.0,0.6821832656860352,-0.0006869832868687809,0.0009424686431884766,20.9
71,13.0,0.6795838475227356,3.93253103538882e-05,0.000979766482487321,21.1
72,15.0,0.6816170811653137,-4.4269363570492715e-05,0.0008012399193830788,21.3
73,26.0,0.6821054816246033,-0.00033312165760435164,0.0025830043014138937,21.6
74,29.0,0.6905046105384827,-0.002810392063111067,0.00040058401646092534,22.0
75,16.0,0.682765007019043,-0.0015922896564006805,0.0005436450010165572,22.3
76,15.0,0.6763870716094971,-0.0005263924831524491,0.00042191610555164516,22.5
77,16.0,0.6795837879180908,-0.000473901629447937,0.0006426243344321847,22.7
78,15.0,0.6763331890106201,0.00011535088560776785,0.0007748417556285858,22.9
79,12.0,0.6780450940132141,-0.00022046764206606895,0.001206368557177484,23.0
80,16.0,0.6772089600563049,-0.0003005117177963257,0.0011722128838300705,23.2
81,21.0,0.6895233392715454,0.11830688267946243,0.006997233256697655,23.6
82,17.0,0.6782755851745605,-0.00048550436622463167,0.0006988481036387384,23.8
83,14.0,0.6729846596717834,-0.0006314473575912416,0.0007674095104448497,24.0
84,15.0,0.6747432947158813,3.697276042657904e-05,0.0009443416493013501,24.2
85,16.0,0.6726763844490051,3.300607204437256e-06,0.0007542414823547006,24.4
86,15.0,0.6725674271583557,-0.0002865215064957738,0.0006937914877198637,24.6
87,15.0,0.6748552322387695,-0.00023330847034230828,0.000671332876663655,24.8
88,33.0,0.6785477995872498,-0.00035891280276700854,0.000685703125782311,25.2
89,19.0,0.6728272438049316,-2.701658922887873e-05,0.0009504099725745618,25.4
90,20.0,0.6712695360183716,-0.0003363400755915791,0.0008153991075232625,25.7
91,10.0,0.673051655292511,-0.0002762615622486919,0.001042596297338605,25.8
92,13.0,0.6747036576271057,-0.00036035364610143006,0.0006379099795594811,26.0
93,17.0,0.6719988584518433,-0.00022862237528897822,0.0009409504709765315,26.2
94,15.0,0.6718065142631531,-0.00028429628582671285,0.0007703800802119076,26.4
95,12.0,0.6783954501152039,-0.0007303531165234745,0.001023397664539516,26.6
96,16.0,0.674788773059845,-0.0003642663359642029,0.0008326732204295695,26.8
97,29.0,0.688208818435669,-0.0006558895111083984,0.0005219785962253809,27.2
98,21.0,0.6821639537811279,-0.0676804929971695,0.0022779114078730345,27.5
99,14.0,0.6675262451171875,-0.0008490256150253117,0.0005729016265831888,27.7
100,14.0,0.6761525273323059,-0.0007893102592788637,0.0006754179485142231,27.9
101,23.0,0.6912606358528137,-0.0022672414779663086,0.0002561352157499641,28.2
102,34.0,0.6909598112106323,-0.00021899597777519375,0.00038108951412141323,28.7
103,30.0,0.6784161329269409,-0.0007415652507916093,0.001083043753169477,29.2
104,29.0,0.6637779474258423,-0.0021814373321831226,0.0007400261820293963,29.7
105,22.0,0.6734880805015564,0.00023558735847473145,0.0010251535568386316,30.0
106,16.0,0.6455854177474976,-0.0015936344861984253,0.0005500888219103217,30.3
107,10.0,0.6754584908485413,-0.0012587368255481124,0.001170245697721839,30.5
108,31.0,0.6750046014785767,-0.001536250114440918,0.0009322325349785388,30.9
109,14.0,0.6658722162246704,-0.0006521067698486149,0.0008479981916025281,31.1
110,13.0,0.673751175403595,-0.00012771441834047437,0.0006545240757986903,31.3
111,19.0,0.6615513563156128,-0.0011356347240507603,0.0008135863463394344,31.6
112,11.0,0.669710099697113,-0.0024028203915804625,0.0011534093646332622,31.7
113,12.0,0.6722806096076965,-0.001015596091747284,0.001197181292809546,31.9
114,17.0,0.6674057245254517,0.000536434818059206,0.0007114849868230522,32.1
115,20.0,0.6718273162841797,-5.342811164155137e-06,0.0005458110827021301,32.4
116,10.0,0.6750251650810242,-0.00017152428335975856,0.0007134592160582542,32.5
117,15.0,0.6687306761741638,-0.0002303322107763961,0.0005933719803579152,32.7
118,19.0,0.6617347002029419,-6.618938641622663e-05,0.0006016227998770773,33.0
119,9.0,0.6742135882377625,-0.0002933343348558992,0.0012775138020515442,33.1
120,18.0,0.6605143547058105,-0.0001001987184281461,0.0007209911709651351,33.3
121,17.0,0.6742681264877319,-0.00027567497454583645,0.0006229899590834975,33.5
122,14.0,0.6497809290885925,-0.00036828857264481485,0.00038037446211092174,33.7
123,17.0,0.6628479957580566,-5.92996075283736e-05,0.0007313463720493019,34.0
124,10.0,0.6756958365440369,-0.000390535598853603,0.0006254710606299341,34.1
125,12.0,0.6638617515563965,-0.0012008199701085687,0.00024358976224903017,34.3
126,20.0,0.6615845561027527,-2.1207331883488223e-05,0.000573971658013761,34.5
127,13.0,0.6654739379882812,-2.952493196062278e-05,0.0006089488742873073,34.7
128,11.0,0.6700534224510193,-0.0003778121608775109,0.0008123452425934374,34.9
129,17.0,0.664258599281311,-8.62654487718828e-05,0.0006683542742393911,35.1
130,21.0,0.688214123249054,0.1043466106057167,0.005453492049127817,35.4
131,11.0,0.6706584095954895,-0.000583551125600934,0.0005769697017967701,35.5
132,45.0,0.6862791776657104,-0.004908156581223011,0.0007318747229874134,36.1
133,21.0,0.6901789903640747,0.10291405022144318,0.005335792433470488,36.4
134,15.0,0.6585302352905273,-0.00071253179339692,0.00044066362897865474,36.7
135,14.0,0.6614548563957214,0.00032349888351745903,0.000698076153639704,36.9
136,15.0,0.6630752682685852,-0.000633110583294183,0.00048809274449013174,37.1
137,13.0,0.6661743521690369,-0.0006231184233911335,0.00037002653698436916,37.3
138,14.0,0.6719943284988403,-0.0010717256227508187,0.00019167926802765578,37.4
139,24.0,0.6894146800041199,-0.0011979639530181885,0.0010027928510680795,37.8
140,11.0,0.667780339717865,-0.0005257779848761857,0.00048617616994306445,37.9
141,18.0,0.6399021148681641,-0.0007821188773959875,0.00042545428732410073,38.2
142,14.0,0.6705474853515625,-0.0008399976068176329,0.0003882914315909147,38.3
143,17.0,0.6560728549957275,-0.0009484781767241657,0.0004293629608582705,38.6
144,17.0,0.6626249551773071,-0.00020738209423143417,0.00045953787048347294,38.8
145,15.0,0.6696094870567322,-0.00016402998880948871,0.0003906449710484594,38.9
146,32.0,0.6782296299934387,-0.0003635933098848909,0.00037305685691535473,39.4
147,14.0,0.6613370180130005,-0.00037491958937607706,0.0004730238579213619,39.5
148,15.0,0.6609505414962769,-0.0011007805587723851,0.000469834340037778,39.7
149,29.0,0.6927673816680908,-0.0007139179506339133,0.00022029128740541637,40.1
150,12.0,0.6722248196601868,-0.0004940778017044067,0.00034820777364075184,40.3
151,18.0,0.6626425981521606,0.00031981535721570253,0.0004321564920246601,40.5
152,12.0,0.6742684841156006,-0.00013121217489242554,0.00047132675535976887,40.7
153,16.0,0.656684398651123,-0.0006305798888206482,0.0004688771441578865,40.9
154,22.0,0.6916268467903137,-0.003928154706954956,0.001527769723907113,41.2
155,18.0,0.6585037708282471,-0.0008862879476509988,0.0003974030842073262,41.4
156,17.0,0.6611230969429016,0.000684001890476793,0.00039428737363778055,41.6
157,11.0,0.6602599024772644,-0.0004944097017869353,0.0005479531828314066,41.8
158,24.0,0.6927235722541809,-0.0018313229084014893,0.0008529304759576917,42.1
159,14.0,0.6549444198608398,-0.0011997775873169303,0.00042868099990300834,42.3
160,19.0,0.6728957295417786,-0.00019152541062794626,0.00036004272988066077,42.5
161,16.0,0.6548320651054382,-0.000536598265171051,0.000432417233241722,42.7
162,11.0,0.6680958271026611,-0.0012820904375985265,0.00023089763999450952,42.9
163,18.0,0.6717362999916077,-0.000374803930753842,0.00028164603281766176,43.1
164,14.0,0.6560925245285034,-0.0007521637598983943,0.00043827612535096705,43.3
165,10.0,0.6677125096321106,-0.00019803643226623535,0.00046539370669052005,43.4
166,12.0,0.662242591381073,-0.00025297203683294356,0.000466187484562397,43.6
167,20.0,0.6542047262191772,0.00012460649304557592,0.00038811174454167485,43.8
168,13.0,0.6763632297515869,-0.0007354445406235754,0.0003413939557503909,44.0
169,11.0,0.667519748210907,-0.0002153244859073311,0.000336871191393584,44.2
170,13.0,0.6708447933197021,-0.00019288979819975793,0.0003477420541457832,44.3
171,15.0,0.6619328856468201,-0.00013845761714037508,0.000329598638927564,44.5
172,11.0,0.6638949513435364,-0.0005413185572251678,0.0004337794962339103,44.7
173,23.0,0.6736897826194763,-0.00024310748267453164,0.00028134079184383154,45.0
174,17.0,0.672272264957428,-0.0006524149212054908,0.00032643903978168964,45.2
175,17.0,0.6569157242774963,-0.0007485221140086651,0.00033835723297670484,45.4
176,9.0,0.6768722534179688,-0.0007395877037197351,0.0004205003788229078,45.5
177,17.0,0.6623599529266357,-0.0002067299501504749,0.0005180743173696101,45.7
178,21.0,0.6833806037902832,0.07950635254383087,0.0031557069160044193,46.0
179,25.0,0.6916581988334656,-0.0012290000449866056,0.0002875483187381178,46.4
180,13.0,0.655082643032074,6.75962510285899e-05,0.0003677604836411774,46.6
181,14.0,0.6603389382362366,-0.0001467636611778289,0.0003079953894484788,46.7
182,19.0,0.6454426646232605,-0.00045902476995252073,0.0003562169731594622,47.0
183,14.0,0.6551364064216614,-0.0003249900764785707,0.0003036367706954479,47.2
184,13.0,0.6728149056434631,-4.723295569419861e-05,0.0003245268599130213,47.4
185,13.0,0.668140709400177,-0.00017069395107682794,0.0002474694629199803,47.5
186,11.0,0.6685742735862732,-0.00018277493654750288,0.00030464184237644076,47.7
187,31.0,0.6865113973617554,-0.0016842484474182129,0.00035051695886068046,48.2
188,11.0,0.6739850640296936,-0.00027353112818673253,0.00027521513402462006,48.3
189,21.0,0.6891837120056152,0.05679575726389885,0.0016127073904499412,48.6
190,17.0,0.6677818298339844,-0.00018433261720929295,0.0004409580142237246,48.9
191,16.0,0.6542525291442871,-0.00017718225717544556,0.000293163291644305,49.1
192,17.0,0.6330975294113159,-9.840025450102985e-05,0.0004024514346383512,49.3
193,17.0,0.6693086624145508,-0.00017793389270082116,0.000294668396236375,49.5
194,10.0,0.668549656867981,-0.0002549946366343647,0.0003009815118275583,49.7
195,17.0,0.6606976389884949,-0.0003285758721176535,0.0003444459871388972,49.9
196,16.0,0.6562449932098389,-0.0004533231258392334,0.00027612101985141635,50.2
197,9.0,0.6741102337837219,-0.00023687547945883125,0.00028703093994408846,50.3
198,43.0,0.6674275994300842,3.063678741455078e-05,0.0013688014587387443,50.9
199,35.0,0.6791947484016418,-0.00012245873222127557,0.0002544179151300341,51.5
200,49.0,0.6739954352378845,-0.0005390511360019445,0.0003262246900703758,52.1
201,13.0,0.6615319848060608,-0.0003795027732849121,0.00023262832837644964,52.3
202,9.0,0.6745705008506775,-0.001289102714508772,0.00027812636108137667,52.4
203,21.0,0.6910161375999451,0.06925657391548157,0.002412002068012953,52.7
204,18.0,0.6485115885734558,0.00018722150707617402,0.0002596302074380219,52.9
205,18.0,0.6416128277778625,-0.0002124143938999623,0.0002246042131446302,53.1
206,10.0,0.6769029498100281,-0.00020221472368575633,0.0003458296414464712,53.3
207,11.0,0.6712483763694763,-5.930120460106991e-05,0.00025125217507593334,53.4
208,14.0,0.6737094521522522,-0.000392396526876837,0.0002761902578640729,53.6
209,12.0,0.6591708064079285,-0.0009553830022923648,0.00020814449817407876,53.8
210,15.0,0.6742745041847229,-0.00029859543428756297,0.00032651834771968424,54.0
211,38.0,0.6520450115203857,-0.0005100369453430176,0.0002657788572832942,54.4
212,33.0,0.6874045133590698,-0.0006974273710511625,0.000481488648802042,54.8
213,26.0,0.687558650970459,-0.0009789714822545648,0.00025556201580911875,55.2
214,25.0,0.6915333867073059,-0.0010947466362267733,0.0004446060920599848,55.6
215,19.0,0.6682880520820618,-0.0007930052815936506,0.00025955194723792374,55.8
216,14.0,0.6748576164245605,0.00023646120098419487,0.0003568543470464647,56.0
217,18.0,0.664164662361145,-0.00018666518735699356,0.000260758533840999,56.3
218,20.0,0.6721240282058716,-0.00023578107357025146,0.00035900212242268026,56.5
219,13.0,0.6630524396896362,-0.0006094712298363447,0.0002052561321761459,56.7
220,20.0,0.6543624401092529,-0.0005982458824291825,0.00022770219948142767,57.0
221,27.0,0.692879855632782,-0.0008959089173004031,0.00028981242212466896,57.4
222,15.0,0.6739051938056946,-0.0010960593353956938,0.00025149655994027853,57.6
223,25.0,0.6902874112129211,-0.002085089683532715,0.00036787017597816885,57.9
224,15.0,0.6707584261894226,-0.0015285025583580136,0.00023441897064913064,58.1
225,15.0,0.6781089305877686,-0.0006898700958117843,0.0003459037689026445,58.3
226,14.0,0.6814061999320984,0.0005620536976493895,0.00038940078229643404,58.5
227,23.0,0.692669153213501,-0.004051422234624624,0.0006962755578570068,58.8
228,14.0,0.6653569340705872,-6.227408448467031e-05,0.00025377352721989155,59.0
229,16.0,0.6452975273132324,-0.00013519823551177979,0.00023952451010700315,59.2
230,16.0,0.6758092641830444,-0.000377848744392395,0.0002398174547124654,59.4
231,27.0,0.691135823726654,-0.002197265625,0.000287273753201589,59.9
232,12.0,0.6626407504081726,-0.002187182428315282,0.00022577786876354367,60.1
233,21.0,0.6859431862831116,0.049671076238155365,0.0012269584694877267,60.5
234,15.0,0.6747387051582336,-0.0005806555273011327,0.000179865732206963,60.7
235,17.0,0.6609461307525635,-0.0003818343684542924,0.00024600792676210403,61.0
236,37.0,0.686056911945343,-6.710781599394977e-05,0.00010719465353759006,61.6
237,11.0,0.669096827507019,-0.00041672858060337603,0.0001399501779815182,61.7
238,37.0,0.6864701509475708,0.00010607172589516267,8.470274769933894e-05,62.2
239,9.0,0.6723366379737854,-0.0005489256582222879,0.0001594838104210794,62.4
240,15.0,0.6433385014533997,-0.0004991292953491211,0.000203445422812365,62.6
241,26.0,0.6919893622398376,-0.0015157610177993774,0.00019170960877090693,62.9
242,27.0,0.6888642907142639,-0.0030889681074768305,0.0008627204224467278,63.3
243,25.0,0.6923734545707703,-0.0018659352790564299,0.00033159219310618937,63.6
244,81.0,0.6864334940910339,0.029860639944672585,0.0004448090912774205,64.7
245,19.0,0.669135332107544,-0.00017949154425878078,0.00019622489344328642,64.9
246,12.0,0.6636386513710022,-0.003009982407093048,0.0002288192044943571,65.1
247,10.0,0.6673563122749329,0.0003478586731944233,0.00021866205497644842,65.3
248,16.0,0.6553851962089539,3.116577863693237e-05,0.0001483310479670763,65.5
249,11.0,0.6666488647460938,-0.0005586309707723558,0.0002337070764042437,65.6
250,13.0,0.6490768790245056,-0.0001598711241967976,0.00021242241200525314,65.8
251,24.0,0.6877487897872925,-0.0004982352256774902,0.0005961894057691097,66.1
252,12.0,0.6731885075569153,-0.00013697643589694053,0.00030611216789111495,66.2
253,14.0,0.6551049947738647,-0.0006090833921916783,0.00016266663442365825,66.4
254,16.0,0.6651071906089783,-0.0005947723984718323,0.0003244214167352766,66.7
255,27.0,0.6917275190353394,-0.00028075490263290703,0.0002255190338473767,67.1
256,14.0,0.6584323048591614,-0.0009366859449073672,0.00023651294759474695,67.3
257,21.0,0.6791410446166992,0.004864974413067102,1.1786351024056785e-05,67.6
258,16.0,0.6692835092544556,5.192309617996216e-05,0.0002234934363514185,67.9
259,21.0,0.6884331703186035,0.040862273424863815,0.0008358071791008115,68.3
260,14.0,0.6710925698280334,-0.0005083329160697758,0.00022618671937379986,68.5
261,15.0,0.6710675358772278,-6.369699985953048e-05,0.0003677998611237854,68.7
262,24.0,0.691352367401123,-0.0015941262245178223,0.0007835066644474864,69.0
263,26.0,0.6783995032310486,-0.0003024885954800993,0.0016367760254070163,69.4
264,20.0,0.6430333256721497,0.00010897219181060791,0.00018718818319030106,69.6
265,21.0,0.6926751136779785,0.0512985922396183,0.0013248940231278539,69.9
266,9.0,0.6707825064659119,5.355808389140293e-05,0.00017222733004018664,70.0
267,15.0,0.6543466448783875,-0.00031810998916625977,0.00022801644809078425,70.2
268,14.0,0.6802079081535339,-0.0001944058749359101,0.00027297070482745767,70.4
269,18.0,0.6455692648887634,-0.00032679238938726485,0.00016159754886757582,70.7
270,20.0,0.6397815346717834,-0.0010229736799374223,0.00018690449360292405,70.9
271,16.0,0.6493204236030579,-0.00024070590734481812,0.0002510941412765533,71.1
272,33.0,0.6768999695777893,-0.0015746813733130693,0.0003447571361903101,71.5
273,33.0,0.6706977486610413,-0.00022234380594454706,0.0002021424297709018,72.0
274,23.0,0.689801037311554,-0.0029988985043019056,0.0005747845862060785,72.3
275,27.0,0.676223874092102,0.00017653405666351318,0.00045109144411981106,72.7
276,21.0,0.6877231597900391,0.04989894479513168,0.0012392718344926834,73.0
277,12.0,0.6658873558044434,-0.0007912479341030121,0.0002874868514481932,73.2
278,22.0,0.6750572323799133,0.00011229515075683594,0.0011831175070255995,73.5
279,16.0,0.663547694683075,3.516674041748047e-05,0.00032468722201883793,73.7
280,11.0,0.6685104966163635,-0.000631581642664969,0.0002208180376328528,73.8
281,20.0,0.6773515939712524,-0.0003804743173532188,0.00016407782095484436,74.1
282,13.0,0.6665807962417603,-0.0005211876123212278,0.00016604718985036016,74.3
283,15.0,0.6705471277236938,-0.0009414057130925357,0.00018363624985795468,74.5
284,17.0,0.6548203229904175,-0.00118566257879138,0.00021356703655328602,74.7
285,14.0,0.6795956492424011,-0.00034636579221114516,0.0003439133579377085,74.8
286,13.0,0.6606019735336304,-0.00047392197302542627,0.00011335649469401687,75.0
287,40.0,0.687461256980896,4.4283271563472226e-05,0.00015772468759678304,75.5
288,31.0,0.6863595843315125,-0.00042447177111171186,0.0001195646109408699,75.9
289,19.0,0.6645124554634094,-0.0003970485122408718,0.0001991504686884582,76.2
290,17.0,0.6514962315559387,1.7671023670118302e-05,0.00015404816076625139,76.4
291,12.0,0.6649404764175415,-0.0009038050775416195,0.00011527840979397297,76.5
292,14.0,0.6401404738426208,-4.439268741407432e-05,0.00024445774033665657,76.7
293,18.0,0.6084225177764893,4.205438744975254e-05,0.00031681370455771685,76.9
294,15.0,0.6631919741630554,1.1741866728698369e-05,0.00034262004191987216,77.1
295,12.0,0.6615026593208313,-0.0008310775156132877,0.0001707062911009416,77.3
296,25.0,0.6588937640190125,-0.00558240432292223,0.000184954289579764,77.6
297,18.0,0.6486133337020874,-0.0025594765320420265,0.00016930405399762094,77.8
298,12.0,0.6475560069084167,-0.0029449190478771925,9.265376138500869e-05,78.0
299,14.0,0.6587441563606262,-9.462237358093262e-05,0.0002771253348328173,78.2
300,22.0,0.6914798021316528,9.304285049438477e-05,0.0003316571528557688,78.5
301,17.0,0.6376765370368958,-0.0006433935486711562,0.0001790901442291215,78.8
302,15.0,0.6756493449211121,-0.00046324182767421007,0.00021159341849852353,79.0
303,15.0,0.6679840087890625,-0.0014261022442951798,0.00015453106607310474,79.2
304,22.0,0.6915899515151978,5.5789947509765625e-05,0.00029181543504819274,79.5
305,18.0,0.6590235829353333,-0.0004759629664476961,0.00025116774486377835,79.8
306,21.0,0.6378189921379089,0.027764586731791496,0.00038476381450891495,80.1
307,19.0,0.6751909255981445,-0.0001998010411625728,0.0002148355997633189,80.3
308,24.0,0.6922194957733154,-0.0006202459335327148,0.00011832687596324831,80.7
309,16.0,0.6624268293380737,-0.0003028661012649536,0.00020930432947352529,80.9
310,40.0,0.6491965651512146,-0.000331161922076717,0.00022576391347683966,81.4
311,32.0,0.6848611235618591,-0.0004255659878253937,0.0008058466482907534,81.8
312,20.0,0.6750910878181458,-0.00013047605170868337,0.0002457447408232838,82.1
313,27.0,0.6762003302574158,-0.0011973039945587516,0.0002294393052579835,82.5
314,13.0,0.6419850587844849,-0.00033308909041807055,0.00022170209558680654,82.7
315,24.0,0.6432240009307861,-0.004549304023385048,0.0003837531548924744,83.0
316,13.0,0.6675023436546326,3.0650542612420395e-05,0.00032901650411076844,83.2
317,13.0,0.6664542555809021,-0.00015306301065720618,0.000380219251383096,83.4
318,13.0,0.6636883616447449,-0.0013966746628284454,0.00037430785596370697,83.6
319,17.0,0.6208018660545349,0.0003090535756200552,0.0002003145928028971,83.9
320,23.0,0.6698805689811707,-2.4596849470981397e-05,0.0006129571702331305,84.3
321,18.0,0.6330442428588867,-0.00046233998727984726,0.0002966729225590825,84.5
322,31.0,0.6799258589744568,-0.0002646229404490441,0.00018712649762164801,85.0
323,17.0,0.6364191770553589,-3.0026716558495536e-05,0.0003078195732086897,85.2
324,17.0,0.6165411472320557,-0.001048943609930575,0.00017720702453516424,85.4
325,13.0,0.6456063985824585,-0.0005338696064427495,0.00023142268764786422,85.6
326,13.0,0.6414687633514404,-0.0012681072112172842,0.00015854620141908526,85.8
327,14.0,0.6471268534660339,-0.000593217380810529,0.00029570283368229866,86.0
328,18.0,0.6674886345863342,0.0002124855964211747,0.0002708375104703009,86.2
329,24.0,0.6699815988540649,-8.13901424407959e-05,0.00033752454328350723,86.6
330,12.0,0.6481462121009827,-0.00010769814252853394,0.00031437916914001107,86.8
331,22.0,0.6246176362037659,-0.005544126033782959,0.00023281188623514026,87.1
332,13.0,0.6424766778945923,-0.0026639928109943867,0.0001582949043950066,87.3
333,15.0,0.642357587814331,0.00030912956572137773,0.0002630850358400494,87.5
334,18.0,0.632559061050415,-0.0005534489755518734,0.00026122579583898187,87.7
335,16.0,0.6266931295394897,-0.000533565878868103,0.00013355055125430226,87.9
336,17.0,0.6695317625999451,0.0001811560505302623,0.00020801753271371126,88.1
337,16.0,0.6368699073791504,-0.0005251318216323853,0.0003466248163022101,88.4
338,26.0,0.6287497878074646,-0.0005933542852289975,0.0005240159225650132,88.8
339,23.0,0.674602210521698,-0.005957504268735647,0.00030317786149680614,89.2
340,59.0,0.6563608646392822,0.0004947812994942069,0.00016154158220160753,90.0
341,15.0,0.6488985419273376,-0.0005238348967395723,0.0003808982437476516,90.2
342,37.0,0.6711161136627197,-0.0005077123641967773,0.00018124406051356345,90.7
343,22.0,0.6847333908081055,0.0002747774124145508,0.0018473517848178744,91.1
344,18.0,0.6702925562858582,-5.378325658966787e-05,0.00013211641635280102,91.4
345,17.0,0.6554937958717346,-7.661124982405454e-05,0.00028726260643452406,91.6
346,36.0,0.6786155700683594,-9.459257125854492e-05,0.00010201100667472929,92.1
347,32.0,0.6737772822380066,-0.0006358996033668518,0.00011276549776084721,92.5
348,19.0,0.6695892214775085,-0.00021185059449635446,0.00015786151925567538,92.7
349,16.0,0.6251941919326782,3.7729740142822266e-05,0.0003912783577106893,93.0
350,15.0,0.6243174076080322,-0.00033379593514837325,0.00012288818834349513,93.2
351,42.0,0.6423039436340332,-0.00025218725204467773,0.0002958876430056989,93.8
352,14.0,0.6441407799720764,-0.0010719320271164179,0.00014846220437902957,94.0
353,18.0,0.6705503463745117,-0.0005620519514195621,0.00031039933674037457,94.3
354,34.0,0.6508169770240784,-0.0007048823754303157,0.0004485363024286926,94.8
355,19.0,0.656470775604248,-0.00044400597107596695,0.0002168080536648631,95.0
356,17.0,0.6624864339828491,0.00012586396769620478,0.00026218281709589064,95.2
357,27.0,0.6199758648872375,-0.000944699568208307,0.00011860934318974614,95.6
358,12.0,0.6141827702522278,0.00018428266048431396,0.0001459359918953851,95.8
359,26.0,0.6915196776390076,-0.0001356204302283004,0.00011396852642064914,96.2
360,26.0,0.6796870827674866,-0.0001264512538909912,0.00014823820674791932,96.6
361,14.0,0.6266611814498901,-0.00029537934460677207,0.00027001069975085557,96.8
362,27.0,0.6835017800331116,0.00017064383428078145,0.00021561158064287156,97.2
363,33.0,0.675681471824646,-0.00012964698544237763,0.00014417954662349075,97.6
364,40.0,0.682755708694458,6.67572021484375e-06,0.0001236648968188092,98.1
365,23.0,0.6211415529251099,-0.0002865791320800781,0.0012471808586269617,98.5
366,17.0,0.6226023435592651,-0.0006193413282744586,0.00013208466407377273,98.7
367,15.0,0.6511717438697815,-0.00020860732183791697,0.00037262780824676156,98.9
368,24.0,0.6819852590560913,-0.0015529468655586243,0.00032502453541383147,99.2
369,15.0,0.6443170309066772,-0.0019485845696181059,0.0003227704728487879,99.5
370,15.0,0.6456412672996521,0.00011433760664658621,0.00016047274402808398,99.7
371,28.0,0.6739706993103027,-0.005110377445816994,0.000265073380433023,100.0
372,23.0,0.6408289670944214,-0.0012259483337402344,0.0012913966784253716,100.4
373,20.0,0.6719828844070435,0.0007182330009527504,0.0002286904928041622,100.6
374,22.0,0.6484947204589844,-0.00585252046585083,0.0005318049807101488,100.9
375,30.0,0.6839187741279602,0.00027801989926956594,0.00020031840540468693,101.3
376,21.0,0.6572979688644409,0.06822571903467178,0.002316585974767804,101.6
377,17.0,0.6283894777297974,1.5521751265623607e-05,0.00016075478924904019,101.9
378,47.0,0.6623901128768921,-0.0007982658571563661,0.00020365124510135502,102.5
379,13.0,0.6261535286903381,0.00013817731814924628,0.00013001325714867562,102.7
380,61.0,0.6863546371459961,0.10964006185531616,0.006036904640495777,103.6
381,35.0,0.6908003091812134,5.799531936645508e-05,4.246893149684183e-05,104.0
382,19.0,0.6274224519729614,-0.0001365134521620348,0.0003379029512871057,104.3
383,13.0,0.6415015459060669,-0.0006326001603156328,0.0001760258455760777,104.5
384,17.0,0.6610204577445984,-0.00027754728216677904,0.0001821290934458375,104.7
385,33.0,0.6732620596885681,-0.0016745409229770303,0.00016906342352740467,105.1
386,14.0,0.6508374214172363,0.0001846360246418044,0.00024125503841787577,105.3
387,34.0,0.6740217208862305,-3.1505312563240295e-06,0.00012988127127755433,105.8
388,13.0,0.6342159509658813,-0.0006402891594916582,0.0004192732449155301,105.9
389,40.0,0.6849655508995056,-7.481574721168727e-05,8.077407255768776e-05,106.4
390,26.0,0.69222491979599,-1.3956877410237212e-05,5.657842484652065e-05,106.8
391,29.0,0.6245965957641602,8.647309732623398e-05,0.00011271402763668448,107.2
392,17.0,0.6646844148635864,-0.0005121721769683063,0.00012297756620682776,107.4
393,13.0,0.6372187733650208,-5.983389200991951e-05,0.0004325465124566108,107.6
394,23.0,0.6603484749794006,-0.00039649009704589844,0.0008377899066545069,107.9
395,14.0,0.6393513083457947,-0.0013729461934417486,0.00015646220708731562,108.2
396,37.0,0.6716452836990356,-0.0007284809835255146,0.00016107912233565003,108.6
397,41.0,0.6929349899291992,0.03221607580780983,0.0005209798691794276,109.2
398,27.0,0.6148971915245056,-0.0007922223885543644,0.0004077670455444604,109.6
399,16.0,0.6447693109512329,-0.00041143596172332764,0.0003412434889469296,109.8
400,53.0,0.6865547895431519,-3.660642323666252e-05,5.6562239478807896e-05,110.6
401,39.0,0.6524050831794739,-0.00040370540227741003,0.00016492285067215562,111.1
402,32.0,0.6781126856803894,-1.9441047697910108e-05,0.00013111000589560717,111.5
403,26.0,0.6909914016723633,-0.00010936086619039997,6.135441071819514e-05,111.9
404,44.0,0.6854001879692078,-0.0032705962657928467,0.0009560441831126809,112.5
405,13.0,0.634429931640625,-0.0009020337602123618,0.00036637845914810896,112.7
406,24.0,0.6363105773925781,-0.0008932948112487793,0.0008272115373983979,113.1
407,31.0,0.6662529706954956,-0.0004771974927280098,0.0001819103490561247,113.5
408,60.0,0.684235155582428,-0.000533136713784188,0.0009418764384463429,114.3
409,31.0,0.6873703002929688,-0.00042887168820016086,0.00017996462702285498,114.7
410,16.0,0.6581388115882874,0.00015495344996452332,0.00021337631915230304,114.9
411,11.0,0.6281566023826599,-0.0008148334454745054,0.00022380254813469946,115.0
412,22.0,0.5897711515426636,-0.0069668591022491455,0.00045588717330247164,115.3
413,25.0,0.66661137342453,-6.413459777832031e-05,0.00040944264037534595,115.7
414,14.0,0.6047201156616211,-0.0006144089275039732,0.0003093813138548285,115.9
415,26.0,0.679966926574707,-0.00013571481395047158,0.00019452249398455024,116.3
416,29.0,0.6577810049057007,-0.0008288754615932703,0.00019656559743452817,116.7
417,14.0,0.6477413773536682,-0.0005910553736612201,0.0004929938586428761,116.9
418,12.0,0.6078941822052002,-0.00032157948589883745,9.075214620679617e-05,117.1
419,20.0,0.591962456703186,-1.4856457710266113e-05,0.0002606437192298472,117.3
420,12.0,0.6137422919273376,-0.0015350928297266364,0.0003076489956583828,117.5
421,21.0,0.6755304336547852,0.06549122929573059,0.002141329925507307,117.8
422,18.0,0.5928941965103149,-0.0014741388149559498,0.00011970234481850639,118.0
423,21.0,0.6661105751991272,0.04864439368247986,0.0011864806292578578,118.3
424,18.0,0.6033952236175537,-0.00035851201391778886,0.00032932395697571337,118.6
425,11.0,0.6128502488136292,-6.1024318711133674e-05,0.0002583603491075337,118.8
426,25.0,0.6536534428596497,-0.0028679133392870426,0.0003401962749194354,119.1
427,21.0,0.6797319650650024,0.03885521739721298,0.0007602503173984587,119.5
428,25.0,0.6616576313972473,-0.000110626220703125,0.0001479314232710749,119.9
429,18.0,0.6600783467292786,1.1636151612037793e-05,0.0002301451750099659,120.1
430,19.0,0.640320360660553,-0.0003270381421316415,0.0001390207326039672,120.5
431,14.0,0.6307452917098999,5.5730342864990234e-05,0.00029336169245652854,120.6
432,16.0,0.5992509722709656,-0.00023092329502105713,0.0001990592572838068,120.9
433,80.0,0.686263382434845,-6.127357664809097e-06,0.0005992980441078544,121.9
434,40.0,0.6797657608985901,9.160638001048937e-05,5.2940733439754695e-05,122.4
435,48.0,0.6920225620269775,0.0001051872968673706,4.3954198190476745e-05,123.0
436,14.0,0.6246585249900818,-0.00028985206154175103,0.0002988484629895538,123.2
437,18.0,0.6275026798248291,-0.0003886487684212625,0.00029813239234499633,123.4
438,10.0,0.5935908555984497,-0.0006121888873167336,9.536316792946309e-05,123.6
439,21.0,0.6726164817810059,0.049083735793828964,0.0012109644012525678,123.9
440,20.0,0.6096426248550415,-0.001150217605754733,8.588848140789196e-05,124.1
441,20.0,0.5981152057647705,-0.002526748226955533,0.0001479197817388922,124.4
442,26.0,0.641480565071106,-0.002276698825880885,0.00020551834313664585,124.8
443,26.0,0.6724941730499268,-0.0002007049770327285,0.0001501465158071369,125.2
444,14.0,0.6329437494277954,0.00043532252311706543,0.000412365683587268,125.4
445,13.0,0.6194248795509338,-0.00013093736197333783,0.00037549136322923005,125.6
446,70.0,0.6574229001998901,-0.00043338537216186523,0.000424651283537969,126.6
447,22.0,0.6652871370315552,-0.006256401538848877,0.0011320101330056787,127.0
448,35.0,0.6337741613388062,0.00117398495785892,0.000178839749423787,127.4
449,16.0,0.6570579409599304,-5.345046520233154e-05,0.00033677814644761384,127.7
450,21.0,0.6814754009246826,0.0642290934920311,0.0020704998169094324,128.0
451,22.0,0.643358588218689,-0.0003943145275115967,0.0017140035051852465,128.4
452,25.0,0.666725218296051,1.259446162293898e-05,0.0002649296075105667,128.7
453,14.0,0.6314077377319336,2.913177013397217e-06,0.0004064787644892931,128.9
454,21.0,0.6353040933609009,0.06738777458667755,0.0022742017172276974,129.2
455,83.0,0.6904705166816711,-0.00013841564941685647,0.0027901388239115477,130.3
456,23.0,0.6573320627212524,-1.1344750419084448e-05,0.0003139092877972871,130.6
457,28.0,0.6594329476356506,-0.0006355047225952148,0.00019381678430363536,130.9
458,53.0,0.6614212393760681,-0.001128499279730022,6.992268026806414e-05,131.6
459,18.0,0.6457704305648804,-4.131263995077461e-05,0.00021919867140240967,131.8
460,14.0,0.6126741170883179,-0.0009977136505767703,0.00018004534649662673,132.0
461,29.0,0.603569746017456,-0.00012690490984823555,4.467305916477926e-05,132.4
462,21.0,0.626698911190033,0.028589492663741112,0.00040724885184317827,132.7
463,14.0,0.6141105890274048,-0.0008627953357063234,0.0001820802135625854,132.9
464,25.0,0.61384117603302,-0.0038694620598107576,0.00024404314171988517,133.3
465,24.0,0.6690458059310913,0.0014248043298721313,0.0003766284789890051,133.6
466,26.0,0.6849648952484131,-0.00022886197257321328,4.7927896957844496e-05,134.0
467,31.0,0.6873384714126587,-0.001180410385131836,4.048715709359385e-05,134.4
468,52.0,0.6876546740531921,0.00021543602633755654,4.7771809477126226e-05,135.0
469,17.0,0.6181486248970032,3.9423212001565844e-05,0.00030408918973989785,135.2
470,43.0,0.5646732449531555,-0.0015195409068837762,0.0002863353001885116,135.8
471,21.0,0.5477150678634644,0.01272126380354166,8.145957690430805e-05,136.1
472,15.0,0.616852879524231,-0.0019216601504012942,0.00016190992027986795,136.3
473,40.0,0.6739668250083923,-0.00015401840209960938,3.363795258337632e-05,136.8
474,24.0,0.5587760210037231,-0.0025942325592041016,0.0004569441662169993,137.1
475,15.0,0.6019929051399231,-0.00014783540973439813,0.0003431650984566659,137.3
476,18.0,0.6440156698226929,-0.001822801074013114,0.00012793723726645112,137.5
477,26.0,0.6787493824958801,0.0001025696619763039,8.347592665813863e-05,137.9
478,26.0,0.5626091957092285,-0.0019981563091278076,0.00013290448987390846,138.3
479,25.0,0.6548798680305481,-1.106262243411038e-05,0.00016489849076606333,138.6
480,101.0,0.6930599808692932,-0.06129420921206474,0.0018827809253707528,139.9
481,28.0,0.6725742816925049,-7.748603820800781e-05,0.00020837072224821895,140.2
482,22.0,0.6589280962944031,-0.006749391555786133,0.0010162636172026396,140.5
483,48.0,0.6496959328651428,0.0006630271673202515,7.597704825457186e-05,141.1
484,17.0,0.6067206859588623,0.0001517323835287243,0.00019185154815204442,141.3
485,16.0,0.6237220168113708,3.542006015777588e-05,0.00032396212918683887,141.5
486,21.0,0.6908017992973328,0.06719731539487839,0.002265248680487275,141.8
487,23.0,0.5711193680763245,-0.0005870659952051938,0.0007746859337203205,142.1
488,32.0,0.6473557353019714,-0.001069098711013794,8.494745270581916e-05,142.5
489,77.0,0.6803110241889954,-4.9934667913476005e-05,0.00037636308115907013,143.6
490,30.0,0.6657163500785828,-0.0004527270793914795,4.568952863337472e-05,144.0
491,71.0,0.6843634843826294,-0.00018304045079275966,0.00013796919665765017,145.0
492,30.0,0.6392617225646973,-0.0007285237079486251,0.00012977144797332585,145.5
493,41.0,0.6907938718795776,0.11505565047264099,0.006631039083003998,146.1
494,51.0,0.6640838384628296,-0.0001104961775126867,6.893482350278646e-05,146.7
495,16.0,0.6252651214599609,-0.0008612945675849915,0.000176983347046189,146.9
496,18.0,0.5950677990913391,-0.000939571182243526,0.00021581447799690068,147.2
497,24.0,0.6241880655288696,0.0001412034034729004,0.0007107949932105839,147.5
498,29.0,0.6220934391021729,-2.7646621674648486e-05,0.00025858127628453076,147.9
499,38.0,0.6109522581100464,-0.00031713314820080996,0.00024482072331011295,148.4
500,23.0,0.6410583257675171,-0.00030587115907110274,0.0006935058045201004,148.7
501,17.0,0.6197565197944641,-0.0004072329611517489,0.00029597748653031886,149.0
502,30.0,0.6512064933776855,-0.0011545360321179032,4.481694850255735e-05,149.4
503,38.0,0.6514260768890381,-0.00204361486248672,7.370499224634841e-05,149.9
504,47.0,0.6676255464553833,-0.0046150172129273415,2.922810017480515e-05,150.5
505,18.0,0.6147401332855225,2.5517410904285498e-05,0.0003096529108006507,150.8
506,17.0,0.6040968894958496,-0.002363460836932063,0.00021668535191565752,151.0
507,42.0,0.6801691055297852,-0.0012833476066589355,3.827776890830137e-05,151.6
508,26.0,0.6779353022575378,-0.0020316417794674635,5.620291631203145e-05,152.0
509,24.0,0.670258641242981,-0.0010141730308532715,0.00010849082900676876,152.4
510,64.0,0.6697515845298767,-0.0008826255798339844,3.81897043553181e-05,153.2
511,17.0,0.5999832153320312,-0.0005993141676299274,0.00015171825361903757,153.4
512,25.0,0.677731990814209,-0.0006827712059020996,7.831314724171534e-05,153.8
513,28.0,0.6259514093399048,-0.0008651316165924072,0.00038744870107620955,154.2
514,32.0,0.6302281022071838,-4.265705865691416e-05,0.00023631106887478381,154.7
515,27.0,0.657078206539154,-0.00035215276875533164,0.00014829494466539472,155.1
516,41.0,0.6591284871101379,0.042822517454624176,0.0009151750127784908,155.8
517,54.0,0.6577803492546082,-0.0010093365563079715,0.0001959675719263032,156.5
518,14.0,0.6004472374916077,0.00015425682067871094,0.0002959727426059544,156.7
519,24.0,0.6613982319831848,-4.303455352783203e-05,0.0001372513361275196,157.1
520,33.0,0.5939410328865051,-0.00034074598806910217,0.0005383073585107923,157.5
521,33.0,0.6778952479362488,-5.920804323977791e-05,4.334986078902148e-05,158.0
522,41.0,0.6033430099487305,-0.005320345517247915,1.4115042176854331e-05,158.6
523,73.0,0.591720700263977,-0.0004050960997119546,0.0003286346618551761,159.8
524,49.0,0.6456740498542786,-0.0005183418397791684,0.00010311273945262656,160.4
525,16.0,0.5974100232124329,-0.0003051459789276123,0.0002212059625890106,160.6
526,48.0,0.643609881401062,-3.668665885925293e-05,5.2773561037611216e-05,161.3
527,32.0,0.6480473875999451,-0.001441262662410736,9.921591845341027e-05,161.7
528,17.0,0.6014848351478577,0.00015446018369402736,0.0003345839795656502,162.0
529,35.0,0.6432673335075378,0.00013743042654823512,0.00010429356916574761,162.4
530,15.0,0.6185854077339172,-0.0005479636020027101,0.0003215861215721816,162.6
531,46.0,0.6910062432289124,0.00016255676746368408,0.0001050304199452512,163.3
532,18.0,0.6068341135978699,-6.922748434590176e-05,0.00023294134007301182,163.5
533,28.0,0.6632025837898254,-0.0005886852741241455,9.4550647190772e-05,163.9
534,15.0,0.5934200286865234,0.00019464890647213906,0.00038251830847002566,164.1
535,20.0,0.5886503458023071,-0.00012128204252803698,0.00038123936974443495,164.4
536,18.0,0.6111218333244324,-0.00017477406072430313,0.00018615223234519362,164.6
537,37.0,0.6404829025268555,-0.0005905242287553847,0.00013076762843411416,165.1
538,22.0,0.5812845230102539,-0.006534546613693237,0.0017555218655616045,165.5
539,40.0,0.6620289087295532,0.00034080148907378316,5.321199932950549e-05,166.0
540,46.0,0.6348807215690613,-0.0011181706795468926,9.409531048731878e-05,166.6
541,34.0,0.6228529810905457,-1.7512589693069458e-05,0.00022550532594323158,167.1
542,65.0,0.5837952494621277,-0.0014942169655114412,0.00023489861632697284,168.0
543,66.0,0.6831071376800537,-0.0001112222671508789,0.000578292878344655,168.9
544,21.0,0.6481040120124817,0.06396008282899857,0.002046031877398491,169.2
545,63.0,0.6913034319877625,-0.002770066261291504,9.796205995371565e-05,170.2
546,77.0,0.6054655313491821,-0.00034374347887933254,0.0004747328639496118,171.3
547,15.0,0.6022946834564209,-0.00036692520370706916,0.0003776246157940477,171.5
548,31.0,0.5845693349838257,0.0003083836054429412,0.00039927856414578855,171.9
549,17.0,0.5805686116218567,-0.0005523281870409846,0.00041736135608516634,172.2
550,40.0,0.6646586656570435,-0.00024628042592667043,7.057976472424343e-05,172.7
551,34.0,0.6813120245933533,-0.0011138150002807379,0.0010921837529167533,173.2
552,56.0,0.6885798573493958,-0.0005363970994949341,3.6124132748227566e-05,173.9
553,53.0,0.6784386038780212,-0.00011878632358275354,4.872432691627182e-05,174.6
554,57.0,0.6833155751228333,-9.200151907862164e-06,2.9325403374969028e-05,175.5
555,33.0,0.6531524658203125,-0.0003996239393018186,8.378084748983383e-05,175.9
556,97.0,0.6689250469207764,0.0008707116357982159,0.00017828316777013242,177.3
557,35.0,0.6480222940444946,-0.0005577782867476344,6.61036028759554e-05,177.7
558,34.0,0.5782049894332886,-0.0011198020074516535,0.0004895568126812577,178.2
559,52.0,0.6764516830444336,-4.411240297486074e-05,4.95154999953229e-05,178.8
560,15.0,0.6017764806747437,-0.0007410764810629189,0.0002550127974245697,179.1
561,20.0,0.6013962030410767,-5.076527668279596e-05,0.00032128702150657773,179.3
562,32.0,0.5996060371398926,-0.00019440054893493652,0.0003610088024288416,179.8
563,17.0,0.6202108860015869,-0.0005318697658367455,0.00020405148097779602,180.0
564,47.0,0.6320906281471252,-0.0013149359729140997,0.00027770764427259564,180.7
565,14.0,0.6582826972007751,-0.0004722390731330961,0.0005770195857621729,180.9
566,43.0,0.47272050380706787,-0.0022647182922810316,0.00023418439377564937,181.6
567,58.0,0.6839023232460022,-0.0007979273796081543,0.001418116968125105,182.4
568,40.0,0.641945481300354,-0.0007634043577127159,0.00010505706450203434,182.9
569,39.0,0.6502985954284668,-6.354795914376155e-05,0.00014232212561182678,183.5
570,16.0,0.5932663083076477,-0.000354766845703125,0.00035615891101770103,183.8
571,18.0,0.6028147339820862,-0.0003009935317095369,0.00031889110687188804,184.0
572,36.0,0.6342536807060242,-0.00018242746591567993,0.00010840257891686633,184.5
573,17.0,0.6091808676719666,-0.0005372412269935012,0.0003372201172169298,184.7
574,18.0,0.5991600751876831,-8.073117896856274e-06,0.0003848065680358559,185.0
575,23.0,0.5394508242607117,-0.0036780040245503187,0.0004501995863392949,185.3
576,34.0,0.6333562731742859,0.0005765940295532346,0.00013944094826001674,185.7
577,39.0,0.6383156776428223,-0.00019201793475076556,0.00010190488683292642,186.2
578,39.0,0.6053181886672974,7.745780749246478e-05,0.0001624783471925184,186.6
579,27.0,0.6174837946891785,-2.9362738132476807e-05,0.00026338492170907557,187.0
580,39.0,0.6058909893035889,-1.5989729945431463e-05,0.00024846813175827265,187.5
581,14.0,0.5792440176010132,-0.00023786032397765666,0.00038644904270768166,187.7
582,26.0,0.5854029655456543,-0.0013575851917266846,0.00054334377637133,188.0
583,42.0,0.6072185039520264,-0.00026172399520874023,0.00026322767371311784,188.5
584,14.0,0.5944927930831909,-5.227699875831604e-05,0.0005634179688058794,188.7
585,18.0,0.5859638452529907,8.339351916220039e-05,0.0003365666198078543,189.0
586,20.0,0.5984829664230347,-1.4165043467073701e-05,0.0003333610366098583,189.2
587,15.0,0.5973663330078125,-0.00018936395645141602,0.00047937233466655016,189.4
588,24.0,0.5806434750556946,-0.0003472864627838135,0.0009229999268427491,189.8
589,28.0,0.6677289009094238,-0.00021572411060333252,0.00012130894174333662,190.1
590,27.0,0.5732986330986023,-0.0012369112810119987,0.00015566339425276965,190.5
591,35.0,0.5848971605300903,-0.0010658502578735352,0.00019984338723588735,191.0
592,35.0,0.6371195316314697,-0.0005154470563866198,9.439866698812693e-05,191.4
593,76.0,0.6897921562194824,-0.0006369203329086304,5.398161374614574e-05,192.5
594,10.0,0.5751040577888489,6.902813765918836e-05,0.0003989899414591491,192.6
595,47.0,0.6875386834144592,-0.0011004145490005612,0.0011885743588209152,193.3
596,55.0,0.6620108485221863,-0.0001698995620245114,9.094188862945884e-05,194.0
597,31.0,0.5847169160842896,-0.0007257678080350161,0.00033285465906374156,194.5
598,22.0,0.6856056451797485,-0.006781220436096191,0.002879499224945903,194.8
599,29.0,0.6604039669036865,0.00010891092824749649,0.00018252560403198004,195.2
600,17.0,0.5995573997497559,-9.164038783637807e-05,0.0002513744402676821,195.4
601,16.0,0.5919260382652283,-0.00010149180889129639,0.0005064747529104352,195.6
602,17.0,0.5762386322021484,-0.0004477711336221546,0.0003473848628345877,195.9
603,82.0,0.6912463903427124,-0.0003179311752319336,0.004077365156263113,197.1
604,67.0,0.6742258071899414,-5.6127351854229346e-05,5.4042528063291684e-05,198.0
605,13.0,0.5660727620124817,-0.00013619546371046454,0.0005335142486728728,198.2
606,26.0,0.5627780556678772,3.745158392121084e-05,0.0005435527418740094,198.6
607,59.0,0.6047481298446655,-8.367080590687692e-05,0.00022384077601600438,199.3
608,34.0,0.6256765127182007,-0.0004409344110172242,9.241461521014571e-05,199.7
609,41.0,0.5926636457443237,0.03450285643339157,0.0005939818220213056,200.3
610,27.0,0.539494514465332,-0.0025028076488524675,0.00031284120632335544,200.6
611,54.0,0.6390795707702637,-0.0012714937329292297,5.9960588259855285e-05,201.3
612,20.0,0.5698354840278625,-0.00041707156924530864,0.0003382244613021612,201.5
613,35.0,0.593092143535614,-0.00021055738034192473,0.0006069959490559995,202.0
614,34.0,0.598279595375061,-0.00044596087536774576,0.00010850851685972884,202.4
615,23.0,0.540533721446991,-0.0009203751687891781,0.0015733414329588413,202.8
616,19.0,0.5957494378089905,-0.0004978525103069842,0.00031344383023679256,203.0
617,54.0,0.6370230317115784,-0.0008912704070098698,4.944754618918523e-05,203.6
618,27.0,0.5644986033439636,0.0002851571480277926,0.00024383573327213526,204.1
619,60.0,0.680185854434967,-0.0003329545143060386,0.0006380119011737406,204.8
620,11.0,0.585186779499054,-0.00019389932276681066,0.0003205164975952357,205.0
621,16.0,0.5855830907821655,-0.000544324517250061,0.0005157656269147992,205.2
622,34.0,0.5782358050346375,-0.00042246069642715156,0.0002813215833157301,205.6
623,36.0,0.6306079626083374,-6.796419620513916e-05,0.00010104724788106978,206.1
624,25.0,0.6078166961669922,8.749962034926284e-06,0.0006091811810620129,206.5
625,21.0,0.6001772880554199,0.08997621387243271,0.004057456739246845,206.7
626,49.0,0.6831172108650208,-0.0005569855566136539,0.0013604270061478019,207.4
627,15.0,0.591692328453064,2.0020703232148662e-05,0.0004107264394406229,207.5
628,38.0,0.6807336807250977,-0.0007187128067016602,0.0007209776085801423,208.0
629,20.0,0.6107654571533203,-0.00048632026300765574,0.00016662292182445526,208.3
630,12.0,0.589449405670166,-0.0003178053011652082,0.00033771840389817953,208.4
631,19.0,0.5780107378959656,-0.00046468721120618284,0.00024809138267301023,208.6
632,17.0,0.5882954597473145,-0.000761305564083159,0.00015384146536234766,208.8
633,66.0,0.6857900619506836,-0.00011367598926881328,0.0006204796372912824,209.6
634,74.0,0.6347844004631042,-0.0002784846001304686,7.876560994191095e-05,210.5
635,47.0,0.6228809356689453,-0.00039428897434845567,0.00011900625395355746,211.1
636,86.0,0.5985414385795593,-0.0020067791920155287,0.0004114932380616665,212.1
637,44.0,0.5575323104858398,-0.00013443827629089355,0.0004953585448674858,212.7
638,65.0,0.5864840745925903,-0.0009485468035563827,0.0004538597131613642,213.6
639,61.0,0.6867153644561768,0.16460686922073364,0.01361881848424673,214.4
640,73.0,0.6803082823753357,-1.2324406270636246e-05,5.7958084653364494e-05,215.4
641,98.0,0.6842175722122192,-0.00028771162033081055,0.0003507350629661232,216.7
642,63.0,0.6254224181175232,-0.0002804994583129883,0.00016676541417837143,217.6
643,36.0,0.6841180324554443,0.00042019039392471313,0.0009166401578113437,218.2
644,12.0,0.5596967935562134,-0.0006246038828976452,0.0007700498681515455,218.4
645,76.0,0.6753721237182617,-0.000577583909034729,0.000100338103948161,219.5
646,106.0,0.690664529800415,-0.0012708306312561035,0.0012248260900378227,221.0
647,27.0,0.5426310300827026,-0.002221601316705346,0.0007523751119151711,221.3
648,28.0,0.6664139628410339,-0.0009154826402664185,0.0026804106310009956,221.7
649,40.0,0.6032779216766357,0.0002303779183421284,0.00013212513295002282,222.2
650,68.0,0.6784238815307617,-0.000239446759223938,0.0018265986582264304,223.1
651,30.0,0.5516899824142456,-0.0005844354745931923,0.00033981335582211614,223.5
652,19.0,0.5704967975616455,-0.00046292730257846415,0.0003545595391187817,223.7
653,35.0,0.646864116191864,-9.9013250292046e-06,6.862403097329661e-05,224.2
654,51.0,0.6027534008026123,0.00017430023581255227,0.00012586807133629918,224.8
655,41.0,0.6604188680648804,0.05467953160405159,0.0014950309414416552,225.4
656,73.0,0.6845855116844177,-0.0016070879064500332,7.321463635889813e-05,226.4
657,24.0,0.6871602535247803,-0.0012417435646057129,0.004199041519314051,226.7
658,63.0,0.6577940583229065,-0.001573840738274157,0.00023060542298480868,227.8
659,34.0,0.6785733103752136,-0.0009880427969619632,0.0005598449497483671,228.3
660,24.0,0.48108381032943726,-0.00025910139083862305,0.0016666133888065815,228.7
661,42.0,0.4672492742538452,-0.0005068778991699219,9.238563507096842e-05,229.3
662,28.0,0.6201426982879639,-0.0004262179136276245,0.00044042139779776335,229.7
663,30.0,0.5435482263565063,-0.0007598280790261924,0.00022026481747161597,230.2
664,26.0,0.5310599207878113,-0.001505096792243421,0.0004363712214399129,230.6
665,16.0,0.5971543788909912,0.00047798454761505127,0.0005529140471480787,230.8
666,23.0,0.49711301922798157,-0.0005035300855524838,0.0012846823083236814,231.1
667,31.0,0.5306753516197205,-0.001437154714949429,0.0004447632236406207,231.6
668,25.0,0.5495983362197876,-0.000520384288392961,0.0005934961372986436,232.0
669,34.0,0.558976948261261,-0.0011975999223068357,0.00044246806646697223,232.5
670,52.0,0.6646234393119812,-0.00026817619800567627,2.221378053945955e-05,233.2
671,63.0,0.6884055733680725,-0.00019289056945126504,0.0005753494915552437,234.1
672,40.0,0.6210677623748779,-5.85019588470459e-05,4.804349009646103e-05,234.6
673,77.0,0.6610573530197144,-0.00014157155237626284,5.998591223033145e-05,235.6
674,25.0,0.6786996126174927,-0.00019085282110609114,0.0012654968304559588,235.9
675,12.0,0.561576783657074,-0.0008789251442067325,0.00047285392065532506,236.1
676,27.0,0.5527287721633911,-0.0032152277417480946,0.00034537844476290047,236.4
677,16.0,0.5658649802207947,-0.00045014917850494385,0.0004973598988726735,236.6
678,58.0,0.5729642510414124,-0.0011173784732818604,8.456486102659255e-05,237.4
679,73.0,0.6816072463989258,-0.00034001984749920666,0.00015387538587674499,238.4
680,43.0,0.45574864745140076,-0.0011031230678781867,0.00025081264902837574,238.9
681,62.0,0.6863816976547241,-0.00016126036643981934,0.00019315033569000661,239.8
682,50.0,0.663998007774353,4.0340422856388614e-05,0.0021080528385937214,240.4
683,16.0,0.5672027468681335,-9.556859731674194e-05,0.0003575631999410689,240.6
684,75.0,0.630001425743103,-6.743529957020655e-05,0.0002204164193244651,241.5
685,27.0,0.4896412491798401,-0.001028635655529797,0.0006885453476570547,241.9
686,85.0,0.6806408166885376,-0.002118873642757535,0.003756894264370203,242.9
687,44.0,0.5155126452445984,-0.00018784403800964355,0.0004473574517760426,243.4
688,44.0,0.6424621343612671,-0.0002624094486236572,0.00018400752742309123,244.0
689,34.0,0.537136971950531,7.207904855022207e-05,0.00024389635655097663,244.4
690,35.0,0.5514505505561829,-0.0010909090051427484,0.00042221133480779827,244.9
691,72.0,0.6671864986419678,-8.246240213338751e-06,0.0015241907676681876,245.7
692,41.0,0.5234134793281555,0.047882646322250366,0.0011463378323242068,246.3
693,12.0,0.5508982539176941,-0.0005999232525937259,0.000911553914193064,246.4
694,81.0,0.6145787239074707,0.0250752791762352,0.0003141499764751643,247.4
695,58.0,0.6231316328048706,-0.0007317629060707986,0.0001212364441016689,248.1
696,57.0,0.6708049774169922,-0.00015079975128173828,0.000886256864760071,248.8
697,44.0,0.6906262040138245,-0.002241969108581543,0.0037433342076838017,249.3
698,46.0,0.5790290832519531,-0.0015312930336222053,0.00025628486764617264,249.9
699,46.0,0.6367201805114746,0.00022783875465393066,0.004585843067616224,250.5
700,28.0,0.5328289270401001,-0.0002563297748565674,0.001192163792438805,250.9
701,14.0,0.5680245757102966,-0.00021056657715234905,0.0006430731737054884,251.1
702,72.0,0.5869308114051819,-0.0002467036247253418,0.0001538907818030566,251.9
703,24.0,0.549538791179657,-0.0001278519630432129,0.0009610936976969242,252.2
704,24.0,0.6115831732749939,-0.0017126798629760742,0.0004891191492788494,252.5
705,49.0,0.6454423069953918,-0.0005404816474765539,5.340148345567286e-05,253.2
706,76.0,0.6838080883026123,1.8209218978881836e-05,0.00022583911777473986,254.0
707,56.0,0.6240894794464111,0.0003526061773300171,0.00011484457354526967,254.7
708,33.0,0.5984736680984497,-7.185146387200803e-05,0.00022462132619693875,255.1
709,15.0,0.5652767419815063,-0.00013041222700849175,0.0007069009589031339,255.3
710,29.0,0.5142086744308472,-3.27560628647916e-05,0.000881387444678694,255.7
711,30.0,0.6085573434829712,-0.0002658396842889488,0.0002807933487929404,256.1
712,20.0,0.5792462229728699,-0.0003594905138015747,0.0003077940782532096,256.3
713,42.0,0.6902623772621155,-0.0005092620849609375,0.00837032962590456,256.8
714,34.0,0.5407409071922302,6.957565346965566e-05,0.0003268631116952747,257.2
715,19.0,0.5732570886611938,-0.0001224326406372711,0.00037906659417785704,257.5
716,28.0,0.5259965062141418,-0.0004753284156322479,0.00044528499711304903,257.9
717,25.0,0.47191986441612244,4.181861731922254e-05,0.0012413018848747015,258.2
718,30.0,0.5291244983673096,-0.001369774341583252,0.0002647919172886759,258.6
719,27.0,0.47860923409461975,-0.0006745372666046023,0.00035054399631917477,259.0
720,25.0,0.47458523511886597,-0.00019629001326393336,0.0008545020828023553,259.3
721,65.0,0.5505124926567078,-0.0015135288704186678,0.0002411231689620763,260.2
722,97.0,0.6843185424804688,0.00011561898281797767,0.0002927942550741136,261.5
723,51.0,0.6782271862030029,-0.00016920674534048885,0.0009567784145474434,262.1
724,27.0,0.48309969902038574,-3.182036380167119e-05,0.0007972888997755945,262.5
725,12.0,0.618276059627533,-0.000249483942752704,0.000191445869859308,262.6
726,22.0,0.47330427169799805,-0.00020048022270202637,0.003466482739895582,262.9
727,77.0,0.6457945704460144,-0.00027839577523991466,6.565279181813821e-05,264.0
728,35.0,0.6726405024528503,-0.0011354803573340178,0.0008811391307972372,264.4
729,66.0,0.66144198179245,-0.00010480483615538105,4.020204869448207e-05,265.4
730,47.0,0.6420139670372009,-1.481601157138357e-05,5.1466857257764786e-05,266.0
731,86.0,0.6866257190704346,-0.0001985033304663375,0.00026101985713467,267.3
732,11.0,0.5492709875106812,-0.0008571689832024276,0.00039608057704754174,267.4
733,29.0,0.5388543605804443,-0.0007548530702479184,0.00039711082354187965,267.8
734,17.0,0.5677354335784912,4.496995097724721e-05,0.0002352371229790151,268.1
735,61.0,0.5085873603820801,0.022398270666599274,0.00025062725762836635,268.9
736,34.0,0.6766148805618286,-0.0003726226859726012,0.0005492806085385382,269.4
737,36.0,0.687267005443573,-0.0004487037658691406,0.0005948994657956064,269.9
738,64.0,0.6701551079750061,-0.001406848430633545,0.0031893497798591852,270.7
739,15.0,0.5593401789665222,-0.0003455161931924522,0.0006052806857042015,270.9
740,16.0,0.5766116380691528,8.77082347869873e-05,0.0005902367411181331,271.1
741,31.0,0.6529752612113953,-0.0007185827707871795,0.001108187367208302,271.5
742,27.0,0.6828498840332031,-0.0017340268241241574,0.0014340458437800407,271.9
743,19.0,0.6214401125907898,-0.00018543319310992956,0.0003796249511651695,272.1
744,48.0,0.656230092048645,-0.00012399256229400635,0.00012008167686872184,272.7
745,66.0,0.6315722465515137,4.2771298467414454e-05,0.00011386090045562014,273.5
746,14.0,0.5618545413017273,-0.0002799991925712675,0.0007534624310210347,273.7
747,102.0,0.5866115093231201,-0.0053768157958984375,0.0003936108259949833,275.1
748,58.0,0.6472912430763245,-0.0020482605323195457,9.137007145909593e-05,275.8
749,58.0,0.6549163460731506,-0.0006168286199681461,4.296439510653727e-05,276.4
750,45.0,0.46987152099609375,-1.1873245057358872e-05,0.0016711207572370768,277.0
751,67.0,0.5391713380813599,3.1828880310058594e-05,0.00047089418512769043,277.8
752,47.0,0.641213595867157,-0.0009159442852251232,0.0012218895135447383,278.4
753,40.0,0.6061640977859497,6.221234798431396e-05,0.00016682501882314682,278.8
754,28.0,0.5742709040641785,-0.00019593536853790283,0.00046694534830749035,279.2
755,73.0,0.6745442152023315,-0.002061234088614583,0.00010112893505720422,280.1
756,34.0,0.6746861338615417,-0.000794840685557574,0.0004044254601467401,280.5
757,18.0,0.5797179937362671,-0.00010857979214051738,0.0004178432282060385,280.7
758,68.0,0.5858263373374939,-0.0012491047382354736,0.00041062457603402436,281.5
759,53.0,0.6261504888534546,-6.387325265677646e-05,0.00015827271272428334,282.1
760,44.0,0.44141140580177307,0.00015664100646972656,0.001046773511916399,282.7
761,33.0,0.6073116064071655,-0.0005916403024457395,0.0007229423499666154,283.1
762,72.0,0.6339066028594971,-5.511939525604248e-05,9.739030065247789e-05,284.0
763,12.0,0.6080184578895569,-0.0007077057962305844,0.00027545104967430234,284.2
764,49.0,0.6689740419387817,-2.0715924620162696e-05,0.0009300869423896074,284.8
765,12.0,0.5842692255973816,-0.0003110220131929964,0.00045477188541553915,285.0
766,44.0,0.44351476430892944,-0.000470578670501709,0.001056755194440484,285.6
767,33.0,0.6630083322525024,-0.0009258922655135393,0.0013479673070833087,286.0
768,40.0,0.6511584520339966,-0.0010056302417069674,0.0007583168335258961,286.5
769,47.0,0.47804149985313416,-0.00031956605380401015,0.0009603446233086288,287.1
770,61.0,0.6011888384819031,0.027906157076358795,0.00038914516335353255,287.8
771,32.0,0.5469785928726196,-0.0007219761610031128,0.0005341310170479119,288.2
772,24.0,0.6056259870529175,-0.0027475953102111816,0.0013544772518798709,288.6
773,17.0,0.5943570733070374,-0.0003285197599325329,0.0004860948247369379,288.8
774,17.0,0.5817403197288513,0.00017353367002215236,0.0004254934610798955,289.0
775,81.0,0.5990972518920898,-0.00016717911057639867,1.39443621094415e-08,290.0
776,72.0,0.6751720905303955,-0.00018938381981570274,0.001041811308823526,290.9
777,22.0,0.46988141536712646,-5.6743621826171875e-05,0.0042594438418745995,291.2
778,59.0,0.6637799739837646,-0.0005585300386883318,0.001006747828796506,291.9
779,44.0,0.6876168251037598,-0.00034567713737487793,0.001889487961307168,292.4
780,64.0,0.48327428102493286,-0.002733290195465088,0.0003655729233287275,293.2
781,41.0,0.5689970850944519,0.06536204367876053,0.0021232340950518847,293.7
782,38.0,0.5999510288238525,-0.0006023645401000977,0.0001227169850608334,294.2
783,19.0,0.6194796562194824,-0.0002126348699675873,0.0005366586265154183,294.4
784,94.0,0.6825774908065796,0.00018835919036064297,0.0010680906707420945,295.6
785,35.0,0.6764550805091858,-0.0002303024084540084,0.0007342887693084776,296.1
786,13.0,0.556226372718811,-0.0002007117582252249,0.0007042841170914471,296.2
787,74.0,0.6288865804672241,-3.540835314197466e-05,0.00018790570902638137,297.1
788,71.0,0.6100372672080994,-0.0011882457183673978,0.0002426753198960796,298.0
789,65.0,0.6486565470695496,-0.001542556332424283,0.00011135439854115248,298.8
790,28.0,0.50472092628479,0.00027382373809814453,0.0010903890943154693,299.1
791,26.0,0.5379632115364075,-0.0007236798410303891,0.0012828290928155184,299.5
792,29.0,0.5207530856132507,0.0004391007823869586,0.0005579052376560867,299.8
793,59.0,0.6271875500679016,-0.0013006736990064383,0.00010046119859907776,300.5
794,25.0,0.5669052004814148,-0.0006005644681863487,0.0007947604171931744,300.9
795,17.0,0.5636515617370605,-0.00033639458706602454,0.0005772682488895953,301.2
796,95.0,0.611572802066803,-0.000835181272123009,0.000283546483842656,302.3
797,27.0,0.5307844877243042,-0.0013090117136016488,0.000603513210080564,302.8
798,14.0,0.5566221475601196,0.0002769572311080992,0.0007908222614787519,303.0
799,57.0,0.6874075531959534,0.0002292044082423672,0.000783344788942486,303.7
800,65.0,0.48483842611312866,-0.00024271309666801244,0.001425748923793435,304.6
801,28.0,0.5427038669586182,-0.0003975033760070801,0.00044764645281247795,305.0
802,30.0,0.5892246961593628,-7.399320747936144e-05,0.0012701858067885041,305.4
803,71.0,0.6583153605461121,0.00011942603305215016,0.00010764894250314683,306.4
804,30.0,0.6741499900817871,-0.0003409087657928467,0.0014715088764205575,306.8
805,19.0,0.5663366913795471,-0.00015251574222929776,0.0005490541225299239,307.0
806,91.0,0.6796069145202637,-0.00012671799049712718,0.00013127419515512884,308.1
807,34.0,0.6728452444076538,-0.001670299912802875,0.0013742431765422225,308.5
808,29.0,0.6918513774871826,-0.0026818448677659035,0.0008965012384578586,308.9
809,30.0,0.5790940523147583,0.0006860971334390342,0.00038480295916087925,309.3
810,12.0,0.5962273478507996,-0.0007048050756566226,0.0002880467800423503,309.5
811,24.0,0.5313122272491455,-0.001583874225616455,0.0016239365795627236,309.8
812,58.0,0.682731568813324,-2.4659766495460644e-05,0.0004390158865135163,310.5
813,16.0,0.6183573603630066,-0.0008350536227226257,0.00048305702512152493,310.7
814,54.0,0.5833994746208191,-0.0020981687121093273,0.00018953536346089095,311.4
815,74.0,0.6485739946365356,-0.000592567550484091,0.00014814075257163495,312.3
816,70.0,0.6853918433189392,-0.00015687942504882812,0.0015888556372374296,313.2
817,65.0,0.6625701189041138,-0.0010399341117590666,0.003862102748826146,314.0
818,29.0,0.5376707911491394,-0.00018505255866330117,0.0009849920170381665,314.3
819,25.0,0.5883744955062866,-0.0008114099618978798,0.000921037164516747,314.7
820,30.0,0.595863938331604,-0.0007246852037496865,0.0004770764207933098,315.0
821,66.0,0.49789419770240784,-0.0031466856598854065,0.0007301141158677638,315.9
822,51.0,0.5956358909606934,-3.8656322431052104e-05,0.00036233218270353973,316.5
823,22.0,0.558702290058136,-0.005029886960983276,0.0037740515545010567,316.8
824,87.0,0.6838914155960083,-0.00019815990526694804,0.00029982454725541174,317.9
825,46.0,0.6025698184967041,-0.0012063781032338738,0.00014647067291662097,318.5
826,38.0,0.5741574764251709,-0.0006953809061087668,0.00040105567313730717,318.9
827,77.0,0.6364812254905701,-0.00013023264182265848,0.00012832799984607846,319.8
828,13.0,0.599105954170227,-0.001518602599389851,0.0004829110694117844,320.0
829,25.0,0.5766689777374268,-0.00027658938779495656,0.001421564957126975,320.4
830,69.0,0.5437439680099487,-0.0008749961853027344,0.00036048167385160923,321.2
831,60.0,0.5806165933609009,-0.0010470092529430985,9.506104106549174e-05,321.9
832,62.0,0.5171977877616882,-0.003731638193130493,0.0030007141176611185,322.7
833,71.0,0.5992408394813538,-0.0008945790468715131,7.989373989403248e-05,323.5
834,37.0,0.559029221534729,0.0001654134102864191,0.00037054973654448986,324.0
835,33.0,0.5436565279960632,-0.00035108282463625073,0.00036678911419585347,324.4
836,125.0,0.48370569944381714,-0.0019697188399732113,0.0006492087850347161,325.8
837,15.0,0.5890486836433411,-0.000544814276508987,0.0007403312483802438,326.0
838,29.0,0.5329368710517883,0.0007887945976108313,0.0008047263836488128,326.4
839,142.0,0.6921368837356567,-0.00331762433052063,8.392299059778452e-05,328.2
840,133.0,0.6873297095298767,1.2151610462751705e-05,0.0002824442635755986,329.7
841,39.0,0.6642652750015259,-0.0007348405779339373,0.0008071679621934891,330.2
842,33.0,0.5231144428253174,-5.4588683269685134e-05,0.00038570823380723596,330.6
843,21.0,0.5895403623580933,0.1356416791677475,0.009208149276673794,330.9
844,19.0,0.6347508430480957,-0.0014175521209836006,6.603117799386382e-05,331.1
845,98.0,0.6816718578338623,-0.0019493699073791504,0.00047964986879378557,332.3
846,94.0,0.6877592206001282,-0.00015475494728889316,0.00045163024333305657,333.4
847,76.0,0.6091997623443604,-0.0008636005222797394,0.0005580277647823095,334.4
848,19.0,0.5917568206787109,-0.00028015123098157346,0.0006378534017130733,334.6
849,87.0,0.6677999496459961,-0.0008305140654556453,0.0033850043546408415,335.9
850,19.0,0.624093770980835,0.00021137767180334777,0.0001528279244666919,336.1
851,70.0,0.5555551648139954,-0.0007501363870687783,7.928640116006136e-05,337.0
852,97.0,0.6601788401603699,-0.000318155565764755,0.0007326346822082996,338.2
853,182.0,0.6895434260368347,-0.002748936414718628,0.0038226847536861897,340.6
854,76.0,0.6783783435821533,-0.0012224167585372925,0.0011288083624094725,341.6
855,16.0,0.6679511666297913,-0.0005351752042770386,0.0006828394834883511,341.8
856,96.0,0.6302849054336548,-0.0003584176301956177,0.0002081916609313339,343.0
857,20.0,0.5864455103874207,-0.00021713078604079783,0.0005480524268932641,343.3
858,78.0,0.6132547855377197,-0.00116690993309021,0.0004090409493073821,344.3
859,60.0,0.6284507513046265,-0.0013540536165237427,0.0008548299665562809,345.0
860,108.0,0.6881839632987976,-0.0005539357662200928,0.0007068296545185149,346.3
861,63.0,0.6791731715202332,-0.0031522910576313734,0.0031020427122712135,347.1
862,114.0,0.5191228985786438,-0.00032922092941589653,0.0006248085992410779,348.5
863,40.0,0.5807567834854126,-0.00028720201225951314,0.0005812171730212867,349.0
864,20.0,0.6099881529808044,-0.0007236182573251426,0.0003523433697409928,349.3
865,83.0,0.5812156200408936,-0.00021449725318234414,0.0019070166163146496,350.3
866,73.0,0.6864141225814819,-0.004017926286906004,0.0009101739851757884,351.2
867,35.0,0.666685938835144,-0.0018896112451329827,0.000506344367749989,351.7
868,101.0,0.6329053640365601,0.1378309428691864,0.00953634176403284,353.0
869,17.0,0.5791810154914856,8.416175842285156e-05,0.0007085489924065769,353.3
870,200.0,0.5995933413505554,-0.00127161736600101,0.00042427610605955124,355.6
871,113.0,0.6388167142868042,-0.00019154182518832386,0.0004840525216422975,356.9
872,48.0,0.6714386940002441,-0.0007964819669723511,0.002273190999403596,357.5
873,121.0,0.6266684532165527,0.11927530914545059,0.007116280496120453,358.9
874,63.0,0.6232709288597107,-0.0012423197040334344,0.0001728941424516961,359.7
875,66.0,0.670631468296051,-0.0014235774287953973,0.0016037382883951068,360.6
876,114.0,0.6833682656288147,-0.0006659222417511046,0.0003213479358237237,362.1
877,48.0,0.6577918529510498,-0.0012509822845458984,0.002245628507807851,362.7
878,27.0,0.6010937094688416,-0.0005065756267867982,0.0011927796294912696,363.1
879,126.0,0.6371321678161621,-0.0018394390353932977,0.002124552382156253,364.8
880,97.0,0.6267552375793457,-0.00016799394506961107,0.0002600955485831946,366.0
881,49.0,0.5321023464202881,-0.00020844406390096992,0.000707705388776958,366.6
882,115.0,0.5635802745819092,-0.001263177371583879,0.0005436049541458488,368.1
883,90.0,0.653466522693634,-0.0003765016735997051,0.00023182050790637732,369.3
884,106.0,0.51558917760849,-0.00010645389556884766,0.0014347652904689312,370.7
885,74.0,0.666131854057312,-0.0005635129637084901,0.0018111933022737503,371.7
886,28.0,0.6068037748336792,1.6391277313232422e-05,0.0011167116463184357,372.1
887,86.0,0.575430154800415,-0.000546743453014642,0.0007326665800064802,373.3
888,95.0,0.6625947952270508,-0.00018508036737330258,0.0005710317636840045,374.5
889,115.0,0.6818540096282959,-0.00016966859402600676,0.0013313606614246964,376.0
890,65.0,0.6756187677383423,-0.0018969059456139803,0.0029142063576728106,376.7
891,52.0,0.660792887210846,-0.0018824836006388068,0.0014754576841369271,377.4
892,33.0,0.5406004190444946,-0.00033534260001033545,0.0004910037969239056,377.8
893,78.0,0.6276089549064636,-0.00026634003734216094,0.0001624306314624846,378.7
894,146.0,0.665789008140564,-0.0008908758754841983,0.0003490825474727899,380.4
895,96.0,0.6563869118690491,-0.0004838705062866211,0.0003497927391435951,381.6
896,73.0,0.6752803325653076,-2.375932854192797e-05,0.001509884838014841,382.6
897,32.0,0.603657066822052,-0.00051041942788288,0.00025540514616295695,383.0
898,87.0,0.5472671389579773,-0.0017145435558632016,0.0005537720280699432,384.1
899,17.0,0.5738435387611389,-0.0019971623551100492,0.0006081922329030931,384.4
900,117.0,0.6400061249732971,-0.00043762431596405804,0.00012520846212282777,385.9
901,74.0,0.6278481483459473,-0.000436482165241614,8.551187784178182e-05,386.7
902,66.0,0.6227388978004456,-1.329183578491211e-05,0.0005455709178932011,387.7
903,51.0,0.5297889709472656,0.0005889534950256348,0.0006538807647302747,388.5
904,131.0,0.6121422648429871,-0.0007220804691314697,0.0002282445930177346,390.2
905,86.0,0.6267380714416504,-0.0023354440927505493,0.0004891754942946136,391.2
906,44.0,0.4971883296966553,-3.191828727722168e-05,0.0027729428838938475,391.8
907,50.0,0.6693551540374756,-0.0006088137743063271,0.0013851046096533537,392.5
908,32.0,0.547173023223877,-0.0006930877570994198,0.000978553667664528,392.9
909,111.0,0.6594733595848083,-0.0005752660799771547,0.0003366708115208894,394.3
910,70.0,0.684145450592041,-6.927251524757594e-05,0.0017009505536407232,395.2
911,25.0,0.6267731785774231,-2.9462575184879825e-05,0.0016634393250569701,395.5
912,42.0,0.547339141368866,-0.006278723478317261,0.003644922049716115,396.2
913,54.0,0.542511522769928,-0.00014398619532585144,0.0003290076565463096,396.8
914,114.0,0.6850208640098572,-0.0001495342148700729,0.0002540475979913026,398.2
915,45.0,0.484955370426178,-8.60810250742361e-05,0.001465303124859929,398.8
916,105.0,0.666775107383728,-0.0014213323593139648,0.000771626306232065,400.0
917,70.0,0.6036912202835083,-0.0004838109016418457,0.00021141573961358517,400.8
918,51.0,0.5488356351852417,-0.000159385526785627,0.0006541096372529864,401.5
919,81.0,0.608911395072937,0.07623066008090973,0.002903994405642152,402.4
920,120.0,0.6603882312774658,-0.0008880168315954506,0.00017332322022411972,403.8
921,144.0,0.5121402740478516,-0.001508580520749092,0.00020880989904981107,405.5
922,137.0,0.6743729114532471,-0.001292985980398953,0.0014518620446324348,407.4
923,100.0,0.661835789680481,-0.00038466454134322703,0.0006613490404561162,408.6
924,70.0,0.6658906936645508,0.00017960667901206762,0.0021881249267607927,409.5
925,86.0,0.6281196475028992,-0.0008605917100794613,0.00021090729569550604,410.6
926,121.0,0.5505220890045166,0.07878358662128448,0.0030956347472965717,412.1
927,81.0,0.5909380316734314,0.08120044320821762,0.003295804373919964,413.2
928,200.0,0.6563008427619934,0.00018187165551353246,5.943864380242303e-05,415.6
929,55.0,0.6133506298065186,-0.00039689044933766127,0.0009387974860146642,416.3
930,29.0,0.5059967041015625,0.0001666744501562789,0.000845995033159852,416.7
931,47.0,0.4939092695713043,-0.0007136379135772586,0.0011167151387780905,417.3
932,80.0,0.6491439938545227,-0.0007414043066091835,0.002394256414845586,418.4
933,57.0,0.5893517732620239,-0.00029362650820985436,0.0003019985742866993,419.1
934,64.0,0.6838675737380981,-0.0015451908111572266,0.004271911922842264,420.0
935,98.0,0.5961092710494995,-0.0011644959449768066,0.00011650272062979639,421.3
936,96.0,0.5908409357070923,-2.3320317268371582e-05,0.00037498149322345853,422.5
937,109.0,0.6858705878257751,-0.00035243562888354063,0.001721494714729488,424.0
938,20.0,0.5867170095443726,-0.00010557621862972155,0.000694369082339108,424.2
939,57.0,0.6710559129714966,-0.00031429179944097996,0.0010384630877524614,424.9
940,128.0,0.6852464079856873,-0.0010947436094284058,0.001709846663288772,426.4
941,86.0,0.6876967549324036,-0.000768713653087616,0.0008893276681192219,427.4
942,140.0,0.6862637400627136,-0.0004329100192990154,0.000661158817820251,429.1
943,151.0,0.6654213666915894,-0.0025006099604070187,0.0006450468208640814,430.8
944,63.0,0.6789398193359375,-0.000701387703884393,0.0055888257920742035,431.6
945,88.0,0.6743819713592529,-0.0008014887571334839,0.0022557738702744246,432.6
946,11.0,0.6313581466674805,-0.0002725855738390237,0.0003708222066052258,432.8
947,75.0,0.686389684677124,-0.0002959430275950581,0.0003951735852751881,433.6
948,85.0,0.6635808944702148,-0.0039893388748168945,0.0022279899567365646,434.8
949,33.0,0.5797679424285889,-0.0018549904925748706,0.0010579596273601055,435.3
950,60.0,0.6713728904724121,-0.00029184817685745656,0.000751582789234817,436.0
951,85.0,0.5676352381706238,-7.607937004650012e-05,0.0009742838446982205,437.0
952,28.0,0.49074140191078186,-0.0006444547325372696,0.0008142038714140654,437.4
953,102.0,0.6871812343597412,-0.002187073230743408,0.008598276413977146,438.6
954,17.0,0.6362519860267639,-0.00012697893544100225,0.0007230017217807472,438.8
955,41.0,0.6641147136688232,0.16616465151309967,0.013870559632778168,439.3
956,56.0,0.6593747735023499,-0.0012578070163726807,0.0006238644127734005,440.1
957,40.0,0.5735083222389221,-0.00034487247467041016,0.00030329995206557214,440.5
958,76.0,0.5278971791267395,-0.0004499107599258423,0.0008782952791079879,441.4
959,62.0,0.6798895597457886,-0.0077939629554748535,0.0037981311324983835,442.2
960,16.0,0.531734049320221,-0.001812480390071869,0.0007743675378151238,442.5
961,36.0,0.6845337152481079,0.00012826919555664062,0.00037236110074445605,442.9
962,18.0,0.5674781799316406,-0.0006293588085100055,0.0008386929985135794,443.1
963,71.0,0.6384975910186768,-0.0003641735529527068,0.00015021716535557061,444.0
964,94.0,0.6886746287345886,-0.00013905124797020108,0.00023933143529575318,445.2
965,51.0,0.6741093993186951,-0.0018656470347195864,0.000518732937052846,445.9
966,25.0,0.5004242062568665,-0.0014837145572528243,0.0018172223353758454,446.2
967,103.0,0.600176990032196,-0.00183294212911278,0.0012388754403218627,447.5
968,61.0,0.6019149422645569,0.03752483054995537,0.0007041608914732933,448.4
969,21.0,0.5142886638641357,0.13230760395526886,0.008836568333208561,448.7
970,48.0,0.687143862247467,-0.0013937205076217651,0.0007397437584586442,449.3
971,48.0,0.6743612289428711,-0.0013743788003921509,0.00040892750257626176,450.0
972,14.0,0.5489422082901001,-0.0006107517401687801,0.0009413372026756406,450.2
973,43.0,0.44116994738578796,-0.00025832653045654297,0.0023300580214709044,450.8
974,71.0,0.6252043843269348,-0.0011029361048713326,0.00016051990678533912,451.7
975,18.0,0.559231162071228,-0.00024600824690423906,0.0006156297749839723,452.0
976,40.0,0.6746204495429993,-0.0006447166088037193,0.0003103245981037617,452.4
977,53.0,0.598749041557312,-8.5874242358841e-05,0.0003388832847122103,453.1
978,125.0,0.6783493757247925,-0.0009086370700970292,0.004975964315235615,454.6
979,78.0,0.6804507970809937,-0.0003936125140171498,0.0001855264272307977,455.5
980,38.0,0.5631080865859985,-0.00016021728515625,0.0008298140601255,455.9
981,45.0,0.4463387131690979,0.00028247834416106343,0.0013308072229847312,456.5
982,94.0,0.6840777397155762,-9.682348900241777e-05,0.00016500039782840759,457.6
983,81.0,0.5291054844856262,0.087394580245018,0.0038187468890100718,458.5
984,87.0,0.6824718713760376,-0.0008766480605117977,0.0003558433672878891,459.6
985,109.0,0.6839306354522705,-0.00032369294785894454,0.00020167836919426918,460.8
986,92.0,0.5692220330238342,-0.0004981185193173587,0.0004427770618349314,462.0
987,43.0,0.42901113629341125,-0.00022276242088992149,0.0019652137998491526,462.6
988,47.0,0.6845269799232483,-0.0003904359764419496,0.001169172115623951,463.3
989,22.0,0.6720271110534668,-0.008706927299499512,0.008393414318561554,463.6
990,91.0,0.6881306171417236,-0.0008847333956509829,0.0002204787451773882,464.7
991,59.0,0.6777316927909851,4.978556535206735e-05,0.00042578132706694305,465.5
992,41.0,0.6881075501441956,0.14126241207122803,0.009974597953259945,466.0
993,86.0,0.6153393387794495,-0.0005660057067871094,0.00012643540685530752,467.1
994,77.0,0.6520684957504272,-0.0004178675590083003,9.617664181860164e-05,468.0
995,24.0,0.524537205696106,-0.002978280186653137,0.0011512895580381155,468.3
996,54.0,0.5713248252868652,-4.207236270303838e-05,0.0004247654869686812,469.0
997,65.0,0.6829767227172852,-0.0004233717918395996,0.0007067554979585111,469.8
998,85.0,0.5992681980133057,-0.002961874008178711,0.0001987013965845108,470.8
999,47.0,0.5068983435630798,5.672765473718755e-05,0.0012846257304772735,471.4
1000,26.0,0.5429081320762634,9.431938087800518e-05,0.0012510779779404402,471.7
1001,38.0,0.5514035224914551,-0.00010022189962910488,0.00018796003132592887,472.2
1002,81.0,0.548956036567688,0.048927582800388336,0.0011962288990616798,473.2
1003,63.0,0.6297498345375061,-0.001474142074584961,0.000246521522058174,474.0
1004,47.0,0.5774655342102051,-1.7357191381961456e-06,0.0004390384128782898,474.6
1005,37.0,0.5366623997688293,-0.00011471790639916435,0.0004926449037156999,475.1
1006,73.0,0.6556838154792786,-0.0005564953316934407,8.601303852628917e-05,475.9
1007,84.0,0.5594971776008606,-0.0017468035221099854,0.00040065302164293826,477.0
1008,93.0,0.6876609325408936,-6.251495506148785e-05,0.00022596836788579822,478.1
1009,38.0,0.5691161155700684,-2.198749143644818e-06,0.0009361126576550305,478.6
1010,115.0,0.6793668270111084,-0.0003040909650735557,0.00023184546444099396,479.9
1011,88.0,0.6248267292976379,-0.0001297593116760254,0.00020736383157782257,481.1
1012,84.0,0.4358280599117279,-0.0007079541683197021,0.0008210454834625125,482.1
1013,69.0,0.5641175508499146,-0.00046130022383295,0.0002774770837277174,483.0
1014,48.0,0.5493128299713135,0.0010986849665641785,0.00024329831649083644,483.7
1015,63.0,0.5711419582366943,-0.0015543500194326043,0.0018576151924207807,484.5
1016,40.0,0.5971172451972961,-0.00013094543828628957,0.0002761174982879311,485.0
1017,94.0,0.6880770921707153,-5.224347114562988e-05,6.914257392054424e-05,486.1
1018,30.0,0.6821228861808777,-0.00014997720427345484,0.0010503516532480717,486.5
1019,42.0,0.5176319479942322,-4.738569259643555e-05,0.003305567428469658,487.0
1020,43.0,0.681448757648468,-0.0007599989767186344,0.003245302475988865,487.6
1021,39.0,0.6689661145210266,-6.703640246996656e-05,0.0004831744299735874,488.0
1022,36.0,0.5615741014480591,-3.7088990211486816e-05,0.0005193346878513694,488.5
1023,55.0,0.5484519600868225,0.0003110607503913343,0.0003717514337040484,489.1
1024,45.0,0.596881628036499,-0.002574276877567172,0.0003974176070187241,489.7
1025,78.0,0.5673434734344482,-0.0009107026853598654,0.0003031121741514653,490.7
1026,82.0,0.5737553834915161,0.00011146068572998047,0.001251833513379097,491.7
1027,16.0,0.5849926471710205,-0.0005018711090087891,0.0002982871956191957,491.9
1028,61.0,0.615713894367218,0.10304070264101028,0.005296033341437578,492.7
1029,22.0,0.687526285648346,-5.352497100830078e-05,0.0074843307957053185,493.0
1030,128.0,0.5826737284660339,-0.00011137127876281738,0.00017654792463872582,494.6
1031,116.0,0.6891915798187256,-0.0008068159222602844,0.0005753831937909126,496.0
1032,111.0,0.6874313354492188,-0.0013177123619243503,0.0005847819265909493,497.3
1033,84.0,0.6874204277992249,-0.0012103021144866943,0.0010434717405587435,498.4
1034,200.0,0.6235818862915039,0.00042707621469162405,0.0002489737526047975,500.8
1035,59.0,0.5723862051963806,-0.000287109287455678,0.0002673970302566886,501.5
1036,98.0,0.6829621195793152,-0.0003255473275203258,0.00016085892275441438,502.7
1037,99.0,0.610771656036377,-0.0017412587767466903,0.00017439352814108133,503.9
1038,96.0,0.6145123839378357,4.270672798156738e-05,0.0009197528124786913,505.0
1039,143.0,0.5306800007820129,-0.0005339384078979492,0.0006926996284164488,506.8
1040,18.0,0.540418803691864,-0.001430246513336897,0.0005779333878308535,507.0
1041,141.0,0.6813569664955139,0.07144320011138916,0.0025516673922538757,508.7
1042,103.0,0.5503174662590027,-0.001979271648451686,6.931286043254659e-05,510.0
1043,110.0,0.6197017431259155,-4.088878631591797e-05,0.00014599472342524678,511.2
1044,14.0,0.6014672517776489,-0.00012557420996017754,0.0005652008694596589,511.4
1045,42.0,0.5032419562339783,-0.005487799644470215,0.00306700705550611,512.0
1046,37.0,0.5653838515281677,-0.0019896451849490404,0.00020993324869778007,512.4
1047,62.0,0.5229698419570923,-0.0009917616844177246,0.0017871353775262833,513.2
1048,66.0,0.6844599843025208,-0.0003237178025301546,0.0012345175491645932,514.0
1049,77.0,0.6564635038375854,-0.0006359044346027076,0.0004705239553004503,514.9
1050,64.0,0.6071724891662598,-0.0011454224586486816,0.00011889165034517646,515.7
1051,62.0,0.6878776550292969,-0.005158185958862305,0.0036929443012923002,516.6
1052,24.0,0.6713129878044128,-0.0007998645305633545,0.0026795673184096813,516.9
1053,175.0,0.684396505355835,-0.001130071235820651,0.0014544496079906821,518.9
1054,59.0,0.5494648814201355,-0.00026394191081635654,0.00042831627069972456,519.6
1055,94.0,0.5407324433326721,-0.001571380184032023,0.00022029630781617016,520.7
1056,40.0,0.645460844039917,-0.0002496555389370769,0.00038030039286240935,521.2
1057,117.0,0.6009055972099304,-0.00010697981633711606,0.00017147950711660087,522.5
1058,68.0,0.6885883212089539,-0.0003217458724975586,0.0007728595519438386,523.4
1059,159.0,0.687630832195282,-0.0004891784628853202,0.00033129900111816823,525.2
1060,66.0,0.44878658652305603,-2.7577081709750928e-05,0.0015363199636340141,526.0
1061,110.0,0.6173986196517944,-0.0003714144113473594,0.0008829794824123383,527.3
1062,176.0,0.6642566919326782,-0.001543194055557251,0.00013176334323361516,529.4
1063,105.0,0.6863963007926941,-0.0010492324363440275,0.0004416753654368222,530.6
1064,143.0,0.6530019044876099,-0.00023555755615234375,0.00015031357179395854,532.3
1065,18.0,0.5821974873542786,5.79605512029957e-05,0.0009053421672433615,532.5
1066,90.0,0.5801572799682617,-6.372928328346461e-05,0.0007183869020082057,533.6
1067,90.0,0.6096534132957458,-0.001246422529220581,0.0009587918175384402,534.6
1068,133.0,0.6686927080154419,-0.0011380406795069575,0.000372120674001053,536.2
1069,117.0,0.639794647693634,-0.0008321439381688833,0.00035396963357925415,537.6
1070,142.0,0.6030912399291992,-0.006579160690307617,0.00039665133226662874,539.3
1071,149.0,0.6778533458709717,-6.404188025044277e-05,0.0015995564172044396,541.1
1072,15.0,0.5404179692268372,-0.0008775472524575889,0.0004768029903061688,541.3
1073,74.0,0.5727136731147766,-8.726119995117188e-05,0.0003644301905296743,542.2
1074,98.0,0.6878780722618103,-0.0007281303405761719,0.0008365217363461852,543.4
1075,67.0,0.47337988018989563,-0.00012165307998657227,0.0017302504274994135,544.2
1076,70.0,0.5519181489944458,-0.00022367239580489695,0.0006632709410041571,545.0
1077,156.0,0.654542088508606,-8.074939250946045e-05,0.00045743235386908054,546.9
1078,82.0,0.648801326751709,-0.00448647141456604,0.00360258761793375,548.0
1079,72.0,0.543812096118927,-0.0009460747241973877,0.000490181555505842,548.9
1080,116.0,0.6496959328651428,-0.0007414370775222778,0.0017681680619716644,550.4
1081,43.0,0.5934615135192871,-0.00022957722831051797,0.003131543518975377,550.9
1082,200.0,0.6504666209220886,-0.0006107866647653282,0.0004890717682428658,553.6
1083,19.0,0.5958303809165955,-0.00020655205298680812,0.001025423058308661,553.8
1084,108.0,0.4642340838909149,6.236135959625244e-05,0.0013403506018221378,555.2
1085,139.0,0.6731756329536438,-0.00013721303548663855,0.0007182896370068192,557.0
1086,99.0,0.6593679189682007,-0.00037285371217876673,0.00032895716140046716,558.3
1087,22.0,0.6597310900688171,-0.0004495382308959961,0.006171521730720997,558.6
1088,107.0,0.669502317905426,-0.00019371083180885762,0.001208348898217082,560.1
1089,61.0,0.6851995587348938,0.14456456899642944,0.010469955392181873,560.9
1090,200.0,0.6261947751045227,-4.3222309614066035e-05,0.001233795192092657,563.5
1091,16.0,0.5672240853309631,6.292760372161865e-05,0.0012479599099606276,563.7
1092,52.0,0.5596272349357605,-0.0012964358320459723,0.00019531877478584647,564.4
1093,42.0,0.545350193977356,0.0001977086067199707,0.006057233549654484,564.9
1094,81.0,0.5003802180290222,0.09867046028375626,0.004868504591286182,566.0
1095,97.0,0.6601707935333252,3.2614258088869974e-05,9.274110198020935e-05,567.2
1096,26.0,0.49849963188171387,-0.0010273531079292297,0.002187419217079878,567.5
1097,54.0,0.6463555693626404,-0.0007660910487174988,0.0005548829794861376,568.2
1098,157.0,0.6848901510238647,0.0001619528338778764,0.0007934157038107514,570.1
1099,106.0,0.6887169480323792,-0.0013363063335418701,0.000777525594457984,571.7
1100,67.0,0.6312955021858215,-0.00011891977919731289,0.0026326854713261127,572.6
1101,119.0,0.6514689922332764,-0.0007567688007839024,0.0003200078208465129,574.0
1102,122.0,0.5294314622879028,-0.004862278699874878,0.0012703603133559227,575.5
1103,90.0,0.5708250999450684,-0.0027884007431566715,0.00010621183173498139,576.7
1104,25.0,0.5352663993835449,-0.0010139644145965576,0.0007743244059383869,577.0
1105,91.0,0.48567667603492737,-4.717978663393296e-05,0.0009956168942153454,578.1
1106,87.0,0.645753026008606,-5.66073831578251e-05,0.0017633407842367887,579.2
1107,97.0,0.6256626844406128,-0.001927859615534544,0.0010197440860792994,580.5
1108,25.0,0.656058132648468,-0.0006287097930908203,0.0016670972108840942,580.9
1109,143.0,0.676138699054718,-0.0011653105029836297,0.00035743918851949275,582.8
1110,104.0,0.6675604581832886,-0.0017848610877990723,0.0030788227450102568,584.1
1111,125.0,0.6838480234146118,-0.00017248987569473684,0.00018062240269500762,585.8
1112,96.0,0.5849043726921082,-3.2939016819000244e-05,0.0004669665649998933,587.1
1113,17.0,0.5766375064849854,-0.0025628069415688515,0.0007318789139389992,587.3
1114,136.0,0.6398470997810364,-0.0001964569091796875,0.0006332917255349457,589.2
1115,185.0,0.6342117190361023,-0.0014724492793902755,0.0014539407566189766,591.4
1116,107.0,0.6579498052597046,-0.0025557619519531727,0.002222664887085557,592.6
1117,50.0,0.5283161997795105,-0.001721626496873796,0.0008338290499523282,593.3
1118,47.0,0.6242407560348511,-0.0005639110459014773,0.0018135588616132736,593.9
1119,53.0,0.5650454163551331,-0.0006682230741716921,0.00015224074013531208,594.6
1120,96.0,0.6013182401657104,0.00021478533744812012,0.00013912750000599772,595.8
1121,50.0,0.5359772443771362,-7.529258436989039e-05,0.001352444989606738,596.4
1122,91.0,0.5442050695419312,-0.0015669248532503843,0.00021074140386190265,597.6
1123,156.0,0.678961455821991,-0.00010377168655395508,0.0006851927610114217,599.7
1124,200.0,0.6550539135932922,-0.0003643810632638633,0.000741570140235126,602.2
1125,81.0,0.5400550961494446,0.10271141678094864,0.0052934326231479645,603.2
1126,132.0,0.589197039604187,-0.0007727493648417294,0.00047957582864910364,604.8
1127,85.0,0.6853227615356445,-0.0026684640906751156,0.0024532261304557323,605.9
1128,190.0,0.6891070604324341,-0.0007990658050402999,0.00014649817603640258,608.2
1129,61.0,0.4819847047328949,0.10887420922517776,0.0059309410862624645,609.0
1130,163.0,0.6195402145385742,-0.0005922317504882812,0.0006057379650883377,610.9
1131,117.0,0.6812506914138794,-0.0006304769194684923,0.0005256826989352703,612.2
1132,47.0,0.6669476628303528,-0.00781556498259306,0.002535142470151186,612.8
1133,95.0,0.6737959980964661,-0.00018111268582288176,0.0004064457898493856,614.0
1134,117.0,0.5985344052314758,-0.0003161149797961116,0.0010682198917493224,615.4
1135,57.0,0.5464364290237427,-0.0010052849538624287,0.00038698059506714344,616.1
1136,92.0,0.6287279725074768,-0.000858500599861145,0.00031655735801905394,617.2
1137,200.0,0.67327880859375,-0.00015452205843757838,0.0007831986877135932,619.6
1138,53.0,0.6043955683708191,-0.0019530161516740918,0.0012568532256409526,620.2
1139,67.0,0.6793740391731262,-0.00013449814287014306,0.0023657220881432295,621.0
1140,25.0,0.6370328664779663,-0.006304609589278698,0.0023201005533337593,621.4
1141,91.0,0.5144445896148682,-0.00019205157877877355,0.0013906871899962425,622.4
1142,200.0,0.6296447515487671,-0.0013654917711392045,0.0003810623020399362,624.8
1143,45.0,0.6768032908439636,-0.002316033933311701,0.0034401114098727703,625.4
1144,32.0,0.5789093375205994,0.0001035506502375938,0.000784507195930928,625.8
1145,196.0,0.6537581086158752,-0.0005239434540271759,0.0005394468316808343,628.1
1146,128.0,0.6336150169372559,-0.0002848803997039795,0.0003083404153585434,629.7
1147,95.0,0.6803373098373413,-0.0006124406936578453,0.0001988689909921959,630.8
1148,129.0,0.5797458291053772,-8.895662176655605e-05,0.0006702350219711661,632.3
1149,108.0,0.5627856254577637,-0.0014480501413345337,0.0006734366179443896,633.6
1150,159.0,0.6847147941589355,-6.98754665791057e-05,6.380152626661584e-05,635.5
1151,79.0,0.5347731113433838,-0.0004250187485013157,0.0009689702419564128,636.4
1152,40.0,0.5898305177688599,-0.0013388931984081864,0.0007354767294600606,636.9
1153,142.0,0.6749687790870667,-0.0003668665885925293,4.5338342715695035e-06,638.6
1154,151.0,0.6882867217063904,-0.000468915153760463,0.00442536873742938,640.5
1155,119.0,0.5722228288650513,-0.00028645992279052734,0.0002996557450387627,641.9
1156,121.0,0.6287882328033447,0.1252429336309433,0.007895349524915218,643.4
1157,182.0,0.5176486968994141,-0.00011324882507324219,0.0023716397117823362,645.6
1158,141.0,0.6212273836135864,0.06004561483860016,0.0017977929674088955,647.3
1159,200.0,0.626234233379364,-8.748173422645777e-05,0.0021319815423339605,649.9
1160,141.0,0.6921117305755615,-0.014161310158669949,0.00010038875188911334,651.6
1161,116.0,0.6266176104545593,-0.0003116875886917114,0.0006618061452172697,652.9
1162,46.0,0.6442223191261292,-0.0016482757637277246,0.001961622154340148,653.5
1163,32.0,0.5425190329551697,-0.0005906522274017334,0.0008998341509141028,653.9
1164,194.0,0.6915635466575623,-0.0006181299686431885,0.00045540323480963707,656.2
1165,118.0,0.6563088893890381,-0.00014346837997436523,0.00043378621921874583,657.6
1166,200.0,0.645165205001831,-0.0015122651821002364,0.0009114105487242341,660.1
1167,86.0,0.5875365138053894,-0.0004981954698450863,0.0018165368819609284,661.1
1168,85.0,0.46167755126953125,-0.00041837693424895406,0.0007289208006113768,662.2
1169,194.0,0.5177552103996277,0.00027824618155136704,0.0007392698898911476,664.5
1170,51.0,0.531998872756958,-0.0010909519623965025,0.0015405118465423584,665.1
1171,89.0,0.5952818393707275,-0.001596940914168954,0.0009031775989569724,666.2
1172,164.0,0.648134708404541,-0.001195758581161499,0.005162806250154972,668.2
1173,200.0,0.599174976348877,-0.0007513671880587935,0.0005546811735257506,670.7
1174,130.0,0.6321216821670532,-0.002671527909114957,0.002737425733357668,672.3
1175,73.0,0.578835129737854,-0.0016440835315734148,0.002135596238076687,673.2
1176,182.0,0.6840853691101074,-0.00032830238342285156,0.035183459520339966,675.4
1177,129.0,0.5950250625610352,-0.0014697975711897016,0.0020790044218301773,676.9
1178,132.0,0.6582774519920349,-0.0016114488244056702,0.0008578288252465427,678.5
1179,69.0,0.6353402137756348,-0.0010781950550153852,0.0027074706740677357,679.3
1180,129.0,0.6858694553375244,0.0001399517059326172,0.0025750459171831608,680.9
1181,200.0,0.6261380910873413,-0.0013223141431808472,0.0004993099719285965,683.3
1182,133.0,0.6687759757041931,-0.0004829042300116271,0.0008625050541013479,684.9
1183,112.0,0.6179203987121582,0.0003559676406439394,0.002020095707848668,686.2
1184,35.0,0.5950815081596375,-0.0005887667066417634,0.0008020977838896215,686.6
1185,111.0,0.5208941698074341,0.0006708448636345565,0.0014930999604985118,688.0
1186,81.0,0.6661262512207031,0.19873617589473724,0.02000257559120655,688.9
1187,114.0,0.6190511584281921,-0.0013160811504349113,0.001549643580801785,690.3
1188,138.0,0.6533102989196777,-1.0225508049188647e-05,0.0020006122067570686,692.0
1189,200.0,0.6018557548522949,-0.00023099035024642944,0.00037254049675539136,694.3
1190,131.0,0.6833410263061523,-0.00018821792036760598,0.0004389316018205136,695.9
1191,195.0,0.6798720955848694,0.0001199126272695139,0.000639956968370825,698.2
1192,55.0,0.6390108466148376,-0.0015430053463205695,0.0015629276167601347,698.9
1193,49.0,0.5612906217575073,-0.00022866990184411407,0.0026487878058105707,699.5
1194,133.0,0.6880573034286499,-0.00015122845070436597,0.0006226520636118948,701.1
1195,24.0,0.5886639356613159,-0.00019741058349609375,0.005375558510422707,701.4
1196,65.0,0.6344103813171387,-0.0006698369979858398,0.00448648864403367,702.3
1197,96.0,0.5737708806991577,-0.000748269259929657,0.0005029032472521067,703.5
1198,29.0,0.5326753854751587,-0.0017076730728149414,0.00164510658942163,703.9
1199,99.0,0.6673794388771057,-0.0007580392993986607,0.0005654360866174102,705.1
1200,200.0,0.6698497533798218,-0.00022686124430038035,0.0009682034142315388,707.5
1201,127.0,0.5553548336029053,-0.0006842166185379028,0.0023239939473569393,708.9
1202,171.0,0.6533360481262207,-0.0020077661611139774,0.0011207293719053268,710.9
1203,53.0,0.5592558979988098,0.0006033938843756914,0.0013271394418552518,711.6
1204,68.0,0.6583623886108398,-0.001109778881072998,0.0024485697504132986,712.5
1205,200.0,0.6349868178367615,-0.0002794623433146626,0.0010570843005552888,714.8
1206,112.0,0.5761573910713196,5.039076131652109e-05,0.0009657482150942087,716.1
1207,38.0,0.6506220102310181,-0.0008267097873613238,0.001530576148070395,716.5
1208,66.0,0.5426879525184631,-0.0017360845813527703,0.0016263783909380436,717.3
1209,112.0,0.5892524123191833,0.00013571481395047158,0.0029738035518676043,718.6
1210,200.0,0.6544491052627563,0.0006465584156103432,0.0016578712966293097,720.9
1211,69.0,0.5139733552932739,-0.0012536578578874469,0.001409584772773087,721.7
1212,156.0,0.6275913715362549,-0.0002687200903892517,0.0017064283601939678,723.7
1213,76.0,0.5412427186965942,0.00020669400691986084,0.0010615569772198796,724.6
1214,135.0,0.6586490869522095,-0.0010881454218178988,0.001047721365466714,726.1
1215,75.0,0.6641368269920349,-0.00028473735437728465,0.001559196738526225,727.0
1216,143.0,0.5591346621513367,-0.001331925392150879,0.00429996894672513,728.7
1217,98.0,0.6507118940353394,-0.00040572218131273985,0.00024170026881620288,729.8
1218,81.0,0.6143426895141602,0.19209453463554382,0.01849307306110859,730.7
1219,200.0,0.6667383909225464,-0.0003513008414302021,0.0005538039840757847,733.6
1220,147.0,0.5965963006019592,-0.00018796751101035625,0.0008100871928036213,735.6
1221,78.0,0.593183159828186,-0.0002769695420283824,0.0020678143482655287,736.6
1222,132.0,0.5537807941436768,-0.002042661188170314,0.0010003038914874196,738.4
1223,94.0,0.550049901008606,-0.00036049101618118584,0.0009267359273508191,739.6
1224,73.0,0.5586692690849304,-0.00018961842579301447,0.000650967238470912,740.6
1225,84.0,0.5036882162094116,-0.0013095587491989136,0.0019278295803815126,741.7
1226,51.0,0.6483689546585083,-0.0026143924333155155,0.0018231146968901157,742.4
1227,200.0,0.6243788003921509,0.00011090635962318629,0.0012210727436468005,744.9
1228,100.0,0.6318326592445374,-0.0003809139016084373,0.0014596227556467056,746.3
1229,134.0,0.6863701939582825,-0.0012187361717224121,0.0002531199424993247,747.8
1230,119.0,0.6714951395988464,-0.0009906942723318934,0.0002723190118558705,749.2
1231,90.0,0.6383470296859741,-0.0018414973746985197,0.002121079945936799,750.3
1232,149.0,0.657118558883667,-0.0019491645507514477,0.0018061388982459903,752.2
1233,166.0,0.691455066204071,-0.0018048336496576667,0.004900686908513308,754.2
1234,135.0,0.6800563931465149,-3.776550147449598e-05,0.000538364052772522,755.8
1235,83.0,0.5225631594657898,-0.0029234588146209717,0.005167070776224136,756.8
1236,56.0,0.6091628670692444,0.000379711389541626,0.0013631562469527125,757.5
1237,200.0,0.575846254825592,-2.3405253159580752e-05,0.0014036445645615458,759.8
1238,73.0,0.5912668704986572,-0.000340704747941345,0.0004529257130343467,760.7
1239,59.0,0.564723789691925,-7.480069325538352e-05,0.0009594533476047218,761.5
1240,96.0,0.6682400107383728,-0.00037698447704315186,0.0008496258524246514,762.8
1241,157.0,0.6847996711730957,-0.0027642494533210993,0.0007611368200741708,764.7
1242,126.0,0.5703967213630676,-0.0017699599266052246,0.0009484872571192682,766.2
1243,38.0,0.5868178009986877,-0.0007671448984183371,0.0011903916019946337,766.7
1244,188.0,0.6882219314575195,-0.00202903151512146,0.0019402682082727551,769.1
1245,46.0,0.6867303252220154,-0.006074458360671997,0.004295449238270521,769.7
1246,49.0,0.6586558222770691,-0.004662103019654751,0.0021834210492670536,770.3
1247,101.0,0.669879138469696,0.1774328052997589,0.015751877799630165,771.5
1248,36.0,0.5465717315673828,-0.0005975961685180664,0.0007451074197888374,771.9
1249,133.0,0.5997040271759033,-0.0006017707637511194,0.0006604004302062094,773.6
1250,164.0,0.6778438091278076,-0.0032276809215545654,0.003657194320112467,775.5
1251,116.0,0.6472761631011963,-0.000998377799987793,0.0004944344400428236,776.9
1252,51.0,0.5165448784828186,-0.00010913068399531767,0.0022421451285481453,777.5
1253,78.0,0.5998992919921875,-2.9346181690925732e-05,0.0006199421477504075,778.7
1254,134.0,0.6689229607582092,-0.0011935478542000055,0.0008972172508947551,780.4
1255,86.0,0.5011837482452393,-0.0002680023608263582,0.001003046054393053,781.7
1256,99.0,0.6043747067451477,-8.077998063527048e-05,0.000527549593243748,782.9
